TimeQuest Timing Analyzer report for digital_lock_system
Wed Feb 11 22:51:58 2026
Quartus II 64-Bit Version 13.0.1 Build 232 06/12/2013 Service Pack 1 SJ Full Version


---------------------
; Table of Contents ;
---------------------
  1. Legal Notice
  2. TimeQuest Timing Analyzer Summary
  3. Parallel Compilation
  4. Clocks
  5. Slow Model Fmax Summary
  6. Slow Model Setup Summary
  7. Slow Model Hold Summary
  8. Slow Model Recovery Summary
  9. Slow Model Removal Summary
 10. Slow Model Minimum Pulse Width Summary
 11. Slow Model Setup: 'clk'
 12. Slow Model Hold: 'clk'
 13. Slow Model Recovery: 'clk'
 14. Slow Model Removal: 'clk'
 15. Slow Model Minimum Pulse Width: 'clk'
 16. Setup Times
 17. Hold Times
 18. Clock to Output Times
 19. Minimum Clock to Output Times
 20. Fast Model Setup Summary
 21. Fast Model Hold Summary
 22. Fast Model Recovery Summary
 23. Fast Model Removal Summary
 24. Fast Model Minimum Pulse Width Summary
 25. Fast Model Setup: 'clk'
 26. Fast Model Hold: 'clk'
 27. Fast Model Recovery: 'clk'
 28. Fast Model Removal: 'clk'
 29. Fast Model Minimum Pulse Width: 'clk'
 30. Setup Times
 31. Hold Times
 32. Clock to Output Times
 33. Minimum Clock to Output Times
 34. Multicorner Timing Analysis Summary
 35. Setup Times
 36. Hold Times
 37. Clock to Output Times
 38. Minimum Clock to Output Times
 39. Setup Transfers
 40. Hold Transfers
 41. Recovery Transfers
 42. Removal Transfers
 43. Report TCCS
 44. Report RSKM
 45. Unconstrained Paths
 46. TimeQuest Timing Analyzer Messages



----------------
; Legal Notice ;
----------------
Copyright (C) 1991-2013 Altera Corporation
Your use of Altera Corporation's design tools, logic functions 
and other software and tools, and its AMPP partner logic 
functions, and any output files from any of the foregoing 
(including device programming or simulation files), and any 
associated documentation or information are expressly subject 
to the terms and conditions of the Altera Program License 
Subscription Agreement, Altera MegaCore Function License 
Agreement, or other applicable license agreement, including, 
without limitation, that your use is for the sole purpose of 
programming logic devices manufactured by Altera and sold by 
Altera or its authorized distributors.  Please refer to the 
applicable agreement for further details.



+-----------------------------------------------------------------------------------------+
; TimeQuest Timing Analyzer Summary                                                       ;
+--------------------+--------------------------------------------------------------------+
; Quartus II Version ; Version 13.0.1 Build 232 06/12/2013 Service Pack 1 SJ Full Version ;
; Revision Name      ; digital_lock_system                                                ;
; Device Family      ; Cyclone II                                                         ;
; Device Name        ; EP2C35F672C6                                                       ;
; Timing Models      ; Final                                                              ;
; Delay Model        ; Combined                                                           ;
; Rise/Fall Delays   ; Unavailable                                                        ;
+--------------------+--------------------------------------------------------------------+


+------------------------------------------+
; Parallel Compilation                     ;
+----------------------------+-------------+
; Processors                 ; Number      ;
+----------------------------+-------------+
; Number detected on machine ; 20          ;
; Maximum allowed            ; 14          ;
;                            ;             ;
; Average used               ; 1.00        ;
; Maximum used               ; 1           ;
;                            ;             ;
; Usage by Processor         ; % Time Used ;
;     Processor 1            ; 100.0%      ;
;     Processors 2-20        ;   0.0%      ;
+----------------------------+-------------+


+---------------------------------------------------------------------------------------------------------------------------------------------------------------------------------+
; Clocks                                                                                                                                                                          ;
+------------+------+--------+------------+-------+-------+------------+-----------+-------------+-------+--------+-----------+------------+----------+--------+--------+---------+
; Clock Name ; Type ; Period ; Frequency  ; Rise  ; Fall  ; Duty Cycle ; Divide by ; Multiply by ; Phase ; Offset ; Edge List ; Edge Shift ; Inverted ; Master ; Source ; Targets ;
+------------+------+--------+------------+-------+-------+------------+-----------+-------------+-------+--------+-----------+------------+----------+--------+--------+---------+
; clk        ; Base ; 1.000  ; 1000.0 MHz ; 0.000 ; 0.500 ;            ;           ;             ;       ;        ;           ;            ;          ;        ;        ; { clk } ;
+------------+------+--------+------------+-------+-------+------------+-----------+-------------+-------+--------+-----------+------------+----------+--------+--------+---------+


+--------------------------------------------------+
; Slow Model Fmax Summary                          ;
+------------+-----------------+------------+------+
; Fmax       ; Restricted Fmax ; Clock Name ; Note ;
+------------+-----------------+------------+------+
; 381.83 MHz ; 381.83 MHz      ; clk        ;      ;
+------------+-----------------+------------+------+
This panel reports FMAX for every clock in the design, regardless of the user-specified clock periods.  FMAX is only computed for paths where the source and destination registers or ports are driven by the same clock.  Paths of different clocks, including generated clocks, are ignored.  For paths between a clock and its inversion, FMAX is computed as if the rising and falling edges are scaled along with FMAX, such that the duty cycle (in terms of a percentage) is maintained. Altera recommends that you always use clock constraints and other slack reports for sign-off analysis.


+--------------------------------+
; Slow Model Setup Summary       ;
+-------+--------+---------------+
; Clock ; Slack  ; End Point TNS ;
+-------+--------+---------------+
; clk   ; -1.619 ; -43.198       ;
+-------+--------+---------------+


+-------------------------------+
; Slow Model Hold Summary       ;
+-------+-------+---------------+
; Clock ; Slack ; End Point TNS ;
+-------+-------+---------------+
; clk   ; 0.391 ; 0.000         ;
+-------+-------+---------------+


+--------------------------------+
; Slow Model Recovery Summary    ;
+-------+--------+---------------+
; Clock ; Slack  ; End Point TNS ;
+-------+--------+---------------+
; clk   ; -0.986 ; -13.782       ;
+-------+--------+---------------+


+-------------------------------+
; Slow Model Removal Summary    ;
+-------+-------+---------------+
; Clock ; Slack ; End Point TNS ;
+-------+-------+---------------+
; clk   ; 1.329 ; 0.000         ;
+-------+-------+---------------+


+----------------------------------------+
; Slow Model Minimum Pulse Width Summary ;
+-------+--------+-----------------------+
; Clock ; Slack  ; End Point TNS         ;
+-------+--------+-----------------------+
; clk   ; -1.380 ; -49.380               ;
+-------+--------+-----------------------+


+----------------------------------------------------------------------------------------------------------------------------------------------------------------------------------------------------------------------------------------------------------------------+
; Slow Model Setup: 'clk'                                                                                                                                                                                                                                              ;
+--------+-------------------------------------------------------------------------------------------+-------------------------------------------------------------------------------------------+--------------+-------------+--------------+------------+------------+
; Slack  ; From Node                                                                                 ; To Node                                                                                   ; Launch Clock ; Latch Clock ; Relationship ; Clock Skew ; Data Delay ;
+--------+-------------------------------------------------------------------------------------------+-------------------------------------------------------------------------------------------+--------------+-------------+--------------+------------+------------+
; -1.619 ; CodeEntry:u_code_entry|CodeShiftRegister:code_shift_register_inst|code[10]                ; CodeControl:u_code_control|UnlockLogic:unlock_logic_inst|unlock                           ; clk          ; clk         ; 1.000        ; -0.029     ; 2.626      ;
; -1.604 ; CodeEntry:u_code_entry|CodeShiftRegister:code_shift_register_inst|code[15]                ; CodeControl:u_code_control|UnlockLogic:unlock_logic_inst|unlock                           ; clk          ; clk         ; 1.000        ; 0.000      ; 2.640      ;
; -1.594 ; CodeEntry:u_code_entry|CodeShiftRegister:code_shift_register_inst|code[6]                 ; CodeControl:u_code_control|UnlockLogic:unlock_logic_inst|unlock                           ; clk          ; clk         ; 1.000        ; -0.029     ; 2.601      ;
; -1.530 ; CodeControl:u_code_control|CurrentCodeRegistry:current_code_registry_inst|stored_code[14] ; CodeControl:u_code_control|UnlockLogic:unlock_logic_inst|unlock                           ; clk          ; clk         ; 1.000        ; 0.000      ; 2.566      ;
; -1.447 ; CodeControl:u_code_control|CurrentCodeRegistry:current_code_registry_inst|stored_code[13] ; CodeControl:u_code_control|UnlockLogic:unlock_logic_inst|unlock                           ; clk          ; clk         ; 1.000        ; 0.000      ; 2.483      ;
; -1.420 ; CodeEntry:u_code_entry|CodeShiftRegister:code_shift_register_inst|code[12]                ; CodeControl:u_code_control|UnlockLogic:unlock_logic_inst|unlock                           ; clk          ; clk         ; 1.000        ; 0.000      ; 2.456      ;
; -1.416 ; CodeEntry:u_code_entry|CodeShiftRegister:code_shift_register_inst|code[2]                 ; CodeControl:u_code_control|UnlockLogic:unlock_logic_inst|unlock                           ; clk          ; clk         ; 1.000        ; -0.028     ; 2.424      ;
; -1.360 ; ModeController:u_mode_controller|state.UNLOCKED                                           ; CodeControl:u_code_control|CurrentCodeRegistry:current_code_registry_inst|stored_code[13] ; clk          ; clk         ; 1.000        ; -0.028     ; 2.368      ;
; -1.360 ; ModeController:u_mode_controller|state.UNLOCKED                                           ; CodeControl:u_code_control|CurrentCodeRegistry:current_code_registry_inst|stored_code[15] ; clk          ; clk         ; 1.000        ; -0.028     ; 2.368      ;
; -1.360 ; ModeController:u_mode_controller|state.UNLOCKED                                           ; CodeControl:u_code_control|CurrentCodeRegistry:current_code_registry_inst|stored_code[14] ; clk          ; clk         ; 1.000        ; -0.028     ; 2.368      ;
; -1.344 ; CodeEntry:u_code_entry|CodeShiftRegister:code_shift_register_inst|code[8]                 ; CodeControl:u_code_control|UnlockLogic:unlock_logic_inst|unlock                           ; clk          ; clk         ; 1.000        ; -0.029     ; 2.351      ;
; -1.339 ; CodeEntry:u_code_entry|CodeShiftRegister:code_shift_register_inst|code[5]                 ; CodeControl:u_code_control|UnlockLogic:unlock_logic_inst|unlock                           ; clk          ; clk         ; 1.000        ; -0.029     ; 2.346      ;
; -1.326 ; CodeControl:u_code_control|CurrentCodeRegistry:current_code_registry_inst|stored_code[11] ; CodeControl:u_code_control|UnlockLogic:unlock_logic_inst|unlock                           ; clk          ; clk         ; 1.000        ; 0.000      ; 2.362      ;
; -1.311 ; CodeEntry:u_code_entry|CodeShiftRegister:code_shift_register_inst|code[11]                ; CodeControl:u_code_control|UnlockLogic:unlock_logic_inst|unlock                           ; clk          ; clk         ; 1.000        ; -0.029     ; 2.318      ;
; -1.309 ; CodeEntry:u_code_entry|CodeShiftRegister:code_shift_register_inst|code[7]                 ; CodeControl:u_code_control|UnlockLogic:unlock_logic_inst|unlock                           ; clk          ; clk         ; 1.000        ; -0.029     ; 2.316      ;
; -1.292 ; CodeEntry:u_code_entry|CodeShiftRegister:code_shift_register_inst|code[14]                ; CodeControl:u_code_control|UnlockLogic:unlock_logic_inst|unlock                           ; clk          ; clk         ; 1.000        ; 0.000      ; 2.328      ;
; -1.284 ; CodeEntry:u_code_entry|CodeShiftRegister:code_shift_register_inst|code[1]                 ; CodeControl:u_code_control|UnlockLogic:unlock_logic_inst|unlock                           ; clk          ; clk         ; 1.000        ; -0.028     ; 2.292      ;
; -1.215 ; ModeController:u_mode_controller|state.UNLOCKED_PROGRAMMING                               ; CodeControl:u_code_control|CurrentCodeRegistry:current_code_registry_inst|stored_code[13] ; clk          ; clk         ; 1.000        ; -0.028     ; 2.223      ;
; -1.215 ; ModeController:u_mode_controller|state.UNLOCKED_PROGRAMMING                               ; CodeControl:u_code_control|CurrentCodeRegistry:current_code_registry_inst|stored_code[15] ; clk          ; clk         ; 1.000        ; -0.028     ; 2.223      ;
; -1.215 ; ModeController:u_mode_controller|state.UNLOCKED_PROGRAMMING                               ; CodeControl:u_code_control|CurrentCodeRegistry:current_code_registry_inst|stored_code[14] ; clk          ; clk         ; 1.000        ; -0.028     ; 2.223      ;
; -1.160 ; CodeControl:u_code_control|CurrentCodeRegistry:current_code_registry_inst|stored_code[15] ; CodeControl:u_code_control|UnlockLogic:unlock_logic_inst|unlock                           ; clk          ; clk         ; 1.000        ; 0.000      ; 2.196      ;
; -1.157 ; ModeController:u_mode_controller|state.UNLOCKED_PROGRAMMING                               ; CodeControl:u_code_control|UnlockLogic:unlock_logic_inst|unlock                           ; clk          ; clk         ; 1.000        ; -0.028     ; 2.165      ;
; -1.152 ; CodeEntry:u_code_entry|CodeShiftRegister:code_shift_register_inst|segment[0]              ; CodeEntry:u_code_entry|CodeShiftRegister:code_shift_register_inst|code[13]                ; clk          ; clk         ; 1.000        ; -0.028     ; 2.160      ;
; -1.152 ; CodeEntry:u_code_entry|CodeShiftRegister:code_shift_register_inst|segment[0]              ; CodeEntry:u_code_entry|CodeShiftRegister:code_shift_register_inst|code[12]                ; clk          ; clk         ; 1.000        ; -0.028     ; 2.160      ;
; -1.152 ; CodeEntry:u_code_entry|CodeShiftRegister:code_shift_register_inst|segment[0]              ; CodeEntry:u_code_entry|CodeShiftRegister:code_shift_register_inst|code[14]                ; clk          ; clk         ; 1.000        ; -0.028     ; 2.160      ;
; -1.152 ; CodeEntry:u_code_entry|CodeShiftRegister:code_shift_register_inst|segment[0]              ; CodeEntry:u_code_entry|CodeShiftRegister:code_shift_register_inst|code[15]                ; clk          ; clk         ; 1.000        ; -0.028     ; 2.160      ;
; -1.149 ; CodeEntry:u_code_entry|CodeShiftRegister:code_shift_register_inst|code[3]                 ; CodeControl:u_code_control|UnlockLogic:unlock_logic_inst|unlock                           ; clk          ; clk         ; 1.000        ; -0.028     ; 2.157      ;
; -1.143 ; ModeController:u_mode_controller|state.UNLOCKED                                           ; CodeControl:u_code_control|CurrentCodeRegistry:current_code_registry_inst|stored_code[1]  ; clk          ; clk         ; 1.000        ; -0.028     ; 2.151      ;
; -1.143 ; ModeController:u_mode_controller|state.UNLOCKED                                           ; CodeControl:u_code_control|CurrentCodeRegistry:current_code_registry_inst|stored_code[0]  ; clk          ; clk         ; 1.000        ; -0.028     ; 2.151      ;
; -1.143 ; ModeController:u_mode_controller|state.UNLOCKED                                           ; CodeControl:u_code_control|CurrentCodeRegistry:current_code_registry_inst|stored_code[2]  ; clk          ; clk         ; 1.000        ; -0.028     ; 2.151      ;
; -1.143 ; ModeController:u_mode_controller|state.UNLOCKED                                           ; CodeControl:u_code_control|CurrentCodeRegistry:current_code_registry_inst|stored_code[3]  ; clk          ; clk         ; 1.000        ; -0.028     ; 2.151      ;
; -1.143 ; ModeController:u_mode_controller|state.UNLOCKED                                           ; CodeControl:u_code_control|CurrentCodeRegistry:current_code_registry_inst|stored_code[5]  ; clk          ; clk         ; 1.000        ; -0.028     ; 2.151      ;
; -1.143 ; ModeController:u_mode_controller|state.UNLOCKED                                           ; CodeControl:u_code_control|CurrentCodeRegistry:current_code_registry_inst|stored_code[4]  ; clk          ; clk         ; 1.000        ; -0.028     ; 2.151      ;
; -1.143 ; ModeController:u_mode_controller|state.UNLOCKED                                           ; CodeControl:u_code_control|CurrentCodeRegistry:current_code_registry_inst|stored_code[7]  ; clk          ; clk         ; 1.000        ; -0.028     ; 2.151      ;
; -1.143 ; ModeController:u_mode_controller|state.UNLOCKED                                           ; CodeControl:u_code_control|CurrentCodeRegistry:current_code_registry_inst|stored_code[6]  ; clk          ; clk         ; 1.000        ; -0.028     ; 2.151      ;
; -1.143 ; ModeController:u_mode_controller|state.UNLOCKED                                           ; CodeControl:u_code_control|CurrentCodeRegistry:current_code_registry_inst|stored_code[8]  ; clk          ; clk         ; 1.000        ; -0.028     ; 2.151      ;
; -1.143 ; ModeController:u_mode_controller|state.UNLOCKED                                           ; CodeControl:u_code_control|CurrentCodeRegistry:current_code_registry_inst|stored_code[9]  ; clk          ; clk         ; 1.000        ; -0.028     ; 2.151      ;
; -1.143 ; ModeController:u_mode_controller|state.UNLOCKED                                           ; CodeControl:u_code_control|CurrentCodeRegistry:current_code_registry_inst|stored_code[12] ; clk          ; clk         ; 1.000        ; -0.028     ; 2.151      ;
; -1.143 ; ModeController:u_mode_controller|state.UNLOCKED                                           ; CodeControl:u_code_control|CurrentCodeRegistry:current_code_registry_inst|stored_code[10] ; clk          ; clk         ; 1.000        ; -0.028     ; 2.151      ;
; -1.143 ; ModeController:u_mode_controller|state.UNLOCKED                                           ; CodeControl:u_code_control|CurrentCodeRegistry:current_code_registry_inst|stored_code[11] ; clk          ; clk         ; 1.000        ; -0.028     ; 2.151      ;
; -1.120 ; CodeEntry:u_code_entry|CodeShiftRegister:code_shift_register_inst|code[13]                ; CodeControl:u_code_control|UnlockLogic:unlock_logic_inst|unlock                           ; clk          ; clk         ; 1.000        ; 0.000      ; 2.156      ;
; -1.108 ; CodeControl:u_code_control|CurrentCodeRegistry:current_code_registry_inst|stored_code[9]  ; CodeControl:u_code_control|UnlockLogic:unlock_logic_inst|unlock                           ; clk          ; clk         ; 1.000        ; 0.000      ; 2.144      ;
; -1.074 ; CodeControl:u_code_control|CurrentCodeRegistry:current_code_registry_inst|stored_code[4]  ; CodeControl:u_code_control|UnlockLogic:unlock_logic_inst|unlock                           ; clk          ; clk         ; 1.000        ; 0.000      ; 2.110      ;
; -1.067 ; CodeEntry:u_code_entry|CodeShiftRegister:code_shift_register_inst|code[9]                 ; CodeControl:u_code_control|UnlockLogic:unlock_logic_inst|unlock                           ; clk          ; clk         ; 1.000        ; -0.029     ; 2.074      ;
; -1.067 ; ModeController:u_mode_controller|state.UNLOCKED                                           ; CodeControl:u_code_control|UnlockLogic:unlock_logic_inst|unlock                           ; clk          ; clk         ; 1.000        ; -0.028     ; 2.075      ;
; -1.049 ; CodeEntry:u_code_entry|CodeShiftRegister:code_shift_register_inst|code[4]                 ; CodeControl:u_code_control|UnlockLogic:unlock_logic_inst|unlock                           ; clk          ; clk         ; 1.000        ; -0.029     ; 2.056      ;
; -1.036 ; CodeEntry:u_code_entry|CodeShiftRegister:code_shift_register_inst|segment[0]              ; CodeEntry:u_code_entry|CodeShiftRegister:code_shift_register_inst|code[0]                 ; clk          ; clk         ; 1.000        ; 0.000      ; 2.072      ;
; -1.036 ; CodeEntry:u_code_entry|CodeShiftRegister:code_shift_register_inst|segment[0]              ; CodeEntry:u_code_entry|CodeShiftRegister:code_shift_register_inst|code[1]                 ; clk          ; clk         ; 1.000        ; 0.000      ; 2.072      ;
; -1.036 ; CodeEntry:u_code_entry|CodeShiftRegister:code_shift_register_inst|segment[0]              ; CodeEntry:u_code_entry|CodeShiftRegister:code_shift_register_inst|code[3]                 ; clk          ; clk         ; 1.000        ; 0.000      ; 2.072      ;
; -1.036 ; CodeEntry:u_code_entry|CodeShiftRegister:code_shift_register_inst|segment[0]              ; CodeEntry:u_code_entry|CodeShiftRegister:code_shift_register_inst|code[2]                 ; clk          ; clk         ; 1.000        ; 0.000      ; 2.072      ;
; -1.036 ; CodeEntry:u_code_entry|CodeShiftRegister:code_shift_register_inst|segment[0]              ; CodeEntry:u_code_entry|CodeShiftRegister:code_shift_register_inst|code[9]                 ; clk          ; clk         ; 1.000        ; 0.001      ; 2.073      ;
; -1.036 ; CodeEntry:u_code_entry|CodeShiftRegister:code_shift_register_inst|segment[0]              ; CodeEntry:u_code_entry|CodeShiftRegister:code_shift_register_inst|code[8]                 ; clk          ; clk         ; 1.000        ; 0.001      ; 2.073      ;
; -1.036 ; CodeEntry:u_code_entry|CodeShiftRegister:code_shift_register_inst|segment[0]              ; CodeEntry:u_code_entry|CodeShiftRegister:code_shift_register_inst|code[11]                ; clk          ; clk         ; 1.000        ; 0.001      ; 2.073      ;
; -1.036 ; CodeEntry:u_code_entry|CodeShiftRegister:code_shift_register_inst|segment[0]              ; CodeEntry:u_code_entry|CodeShiftRegister:code_shift_register_inst|code[10]                ; clk          ; clk         ; 1.000        ; 0.001      ; 2.073      ;
; -1.035 ; CodeEntry:u_code_entry|CodeShiftRegister:code_shift_register_inst|code[0]                 ; CodeControl:u_code_control|UnlockLogic:unlock_logic_inst|unlock                           ; clk          ; clk         ; 1.000        ; -0.028     ; 2.043      ;
; -1.013 ; CodeEntry:u_code_entry|CodeShiftRegister:code_shift_register_inst|segment[1]              ; CodeEntry:u_code_entry|CodeShiftRegister:code_shift_register_inst|code[13]                ; clk          ; clk         ; 1.000        ; -0.028     ; 2.021      ;
; -1.013 ; CodeEntry:u_code_entry|CodeShiftRegister:code_shift_register_inst|segment[1]              ; CodeEntry:u_code_entry|CodeShiftRegister:code_shift_register_inst|code[12]                ; clk          ; clk         ; 1.000        ; -0.028     ; 2.021      ;
; -1.013 ; CodeEntry:u_code_entry|CodeShiftRegister:code_shift_register_inst|segment[1]              ; CodeEntry:u_code_entry|CodeShiftRegister:code_shift_register_inst|code[14]                ; clk          ; clk         ; 1.000        ; -0.028     ; 2.021      ;
; -1.013 ; CodeEntry:u_code_entry|CodeShiftRegister:code_shift_register_inst|segment[1]              ; CodeEntry:u_code_entry|CodeShiftRegister:code_shift_register_inst|code[15]                ; clk          ; clk         ; 1.000        ; -0.028     ; 2.021      ;
; -0.998 ; ModeController:u_mode_controller|state.UNLOCKED_PROGRAMMING                               ; CodeControl:u_code_control|CurrentCodeRegistry:current_code_registry_inst|stored_code[1]  ; clk          ; clk         ; 1.000        ; -0.028     ; 2.006      ;
; -0.998 ; ModeController:u_mode_controller|state.UNLOCKED_PROGRAMMING                               ; CodeControl:u_code_control|CurrentCodeRegistry:current_code_registry_inst|stored_code[0]  ; clk          ; clk         ; 1.000        ; -0.028     ; 2.006      ;
; -0.998 ; ModeController:u_mode_controller|state.UNLOCKED_PROGRAMMING                               ; CodeControl:u_code_control|CurrentCodeRegistry:current_code_registry_inst|stored_code[2]  ; clk          ; clk         ; 1.000        ; -0.028     ; 2.006      ;
; -0.998 ; ModeController:u_mode_controller|state.UNLOCKED_PROGRAMMING                               ; CodeControl:u_code_control|CurrentCodeRegistry:current_code_registry_inst|stored_code[3]  ; clk          ; clk         ; 1.000        ; -0.028     ; 2.006      ;
; -0.998 ; ModeController:u_mode_controller|state.UNLOCKED_PROGRAMMING                               ; CodeControl:u_code_control|CurrentCodeRegistry:current_code_registry_inst|stored_code[5]  ; clk          ; clk         ; 1.000        ; -0.028     ; 2.006      ;
; -0.998 ; ModeController:u_mode_controller|state.UNLOCKED_PROGRAMMING                               ; CodeControl:u_code_control|CurrentCodeRegistry:current_code_registry_inst|stored_code[4]  ; clk          ; clk         ; 1.000        ; -0.028     ; 2.006      ;
; -0.998 ; ModeController:u_mode_controller|state.UNLOCKED_PROGRAMMING                               ; CodeControl:u_code_control|CurrentCodeRegistry:current_code_registry_inst|stored_code[7]  ; clk          ; clk         ; 1.000        ; -0.028     ; 2.006      ;
; -0.998 ; ModeController:u_mode_controller|state.UNLOCKED_PROGRAMMING                               ; CodeControl:u_code_control|CurrentCodeRegistry:current_code_registry_inst|stored_code[6]  ; clk          ; clk         ; 1.000        ; -0.028     ; 2.006      ;
; -0.998 ; ModeController:u_mode_controller|state.UNLOCKED_PROGRAMMING                               ; CodeControl:u_code_control|CurrentCodeRegistry:current_code_registry_inst|stored_code[8]  ; clk          ; clk         ; 1.000        ; -0.028     ; 2.006      ;
; -0.998 ; ModeController:u_mode_controller|state.UNLOCKED_PROGRAMMING                               ; CodeControl:u_code_control|CurrentCodeRegistry:current_code_registry_inst|stored_code[9]  ; clk          ; clk         ; 1.000        ; -0.028     ; 2.006      ;
; -0.998 ; ModeController:u_mode_controller|state.UNLOCKED_PROGRAMMING                               ; CodeControl:u_code_control|CurrentCodeRegistry:current_code_registry_inst|stored_code[12] ; clk          ; clk         ; 1.000        ; -0.028     ; 2.006      ;
; -0.998 ; ModeController:u_mode_controller|state.UNLOCKED_PROGRAMMING                               ; CodeControl:u_code_control|CurrentCodeRegistry:current_code_registry_inst|stored_code[10] ; clk          ; clk         ; 1.000        ; -0.028     ; 2.006      ;
; -0.998 ; ModeController:u_mode_controller|state.UNLOCKED_PROGRAMMING                               ; CodeControl:u_code_control|CurrentCodeRegistry:current_code_registry_inst|stored_code[11] ; clk          ; clk         ; 1.000        ; -0.028     ; 2.006      ;
; -0.997 ; CodeEntry:u_code_entry|CodeShiftRegister:code_shift_register_inst|segment[1]              ; CodeEntry:u_code_entry|CodeShiftRegister:code_shift_register_inst|code[0]                 ; clk          ; clk         ; 1.000        ; 0.000      ; 2.033      ;
; -0.997 ; CodeEntry:u_code_entry|CodeShiftRegister:code_shift_register_inst|segment[1]              ; CodeEntry:u_code_entry|CodeShiftRegister:code_shift_register_inst|code[1]                 ; clk          ; clk         ; 1.000        ; 0.000      ; 2.033      ;
; -0.997 ; CodeEntry:u_code_entry|CodeShiftRegister:code_shift_register_inst|segment[1]              ; CodeEntry:u_code_entry|CodeShiftRegister:code_shift_register_inst|code[3]                 ; clk          ; clk         ; 1.000        ; 0.000      ; 2.033      ;
; -0.997 ; CodeEntry:u_code_entry|CodeShiftRegister:code_shift_register_inst|segment[1]              ; CodeEntry:u_code_entry|CodeShiftRegister:code_shift_register_inst|code[2]                 ; clk          ; clk         ; 1.000        ; 0.000      ; 2.033      ;
; -0.995 ; CodeControl:u_code_control|CurrentCodeRegistry:current_code_registry_inst|stored_code[3]  ; CodeControl:u_code_control|UnlockLogic:unlock_logic_inst|unlock                           ; clk          ; clk         ; 1.000        ; 0.000      ; 2.031      ;
; -0.987 ; CodeEntry:u_code_entry|CodeShiftRegister:code_shift_register_inst|segment[0]              ; CodeEntry:u_code_entry|CodeShiftRegister:code_shift_register_inst|code[4]                 ; clk          ; clk         ; 1.000        ; 0.001      ; 2.024      ;
; -0.987 ; CodeEntry:u_code_entry|CodeShiftRegister:code_shift_register_inst|segment[0]              ; CodeEntry:u_code_entry|CodeShiftRegister:code_shift_register_inst|code[5]                 ; clk          ; clk         ; 1.000        ; 0.001      ; 2.024      ;
; -0.987 ; CodeEntry:u_code_entry|CodeShiftRegister:code_shift_register_inst|segment[0]              ; CodeEntry:u_code_entry|CodeShiftRegister:code_shift_register_inst|code[7]                 ; clk          ; clk         ; 1.000        ; 0.001      ; 2.024      ;
; -0.987 ; CodeEntry:u_code_entry|CodeShiftRegister:code_shift_register_inst|segment[0]              ; CodeEntry:u_code_entry|CodeShiftRegister:code_shift_register_inst|code[6]                 ; clk          ; clk         ; 1.000        ; 0.001      ; 2.024      ;
; -0.944 ; CodeControl:u_code_control|CurrentCodeRegistry:current_code_registry_inst|stored_code[10] ; CodeControl:u_code_control|UnlockLogic:unlock_logic_inst|unlock                           ; clk          ; clk         ; 1.000        ; 0.000      ; 1.980      ;
; -0.918 ; ModeController:u_mode_controller|state.UNLOCKED_PROGRAMMING                               ; CodeEntry:u_code_entry|ModeChangeDetector:mode_change_detector_inst|previous_mode[1]      ; clk          ; clk         ; 1.000        ; 0.000      ; 1.954      ;
; -0.918 ; ModeController:u_mode_controller|state.UNLOCKED_PROGRAMMING                               ; CodeEntry:u_code_entry|ModeChangeDetector:mode_change_detector_inst|previous_mode[0]      ; clk          ; clk         ; 1.000        ; 0.000      ; 1.954      ;
; -0.867 ; CodeControl:u_code_control|CurrentCodeRegistry:current_code_registry_inst|stored_code[0]  ; CodeControl:u_code_control|UnlockLogic:unlock_logic_inst|unlock                           ; clk          ; clk         ; 1.000        ; 0.000      ; 1.903      ;
; -0.842 ; CodeEntry:u_code_entry|ModeChangeDetector:mode_change_detector_inst|previous_mode[0]      ; CodeEntry:u_code_entry|ModeChangeDetector:mode_change_detector_inst|previous_mode[1]      ; clk          ; clk         ; 1.000        ; 0.000      ; 1.878      ;
; -0.842 ; CodeEntry:u_code_entry|ModeChangeDetector:mode_change_detector_inst|previous_mode[0]      ; CodeEntry:u_code_entry|ModeChangeDetector:mode_change_detector_inst|previous_mode[0]      ; clk          ; clk         ; 1.000        ; 0.000      ; 1.878      ;
; -0.830 ; CodeControl:u_code_control|CurrentCodeRegistry:current_code_registry_inst|stored_code[7]  ; CodeControl:u_code_control|UnlockLogic:unlock_logic_inst|unlock                           ; clk          ; clk         ; 1.000        ; 0.000      ; 1.866      ;
; -0.828 ; CodeControl:u_code_control|CurrentCodeRegistry:current_code_registry_inst|stored_code[12] ; CodeControl:u_code_control|UnlockLogic:unlock_logic_inst|unlock                           ; clk          ; clk         ; 1.000        ; 0.000      ; 1.864      ;
; -0.795 ; ModeController:u_mode_controller|state.UNLOCKED                                           ; CodeEntry:u_code_entry|ModeChangeDetector:mode_change_detector_inst|previous_mode[1]      ; clk          ; clk         ; 1.000        ; 0.000      ; 1.831      ;
; -0.795 ; ModeController:u_mode_controller|state.UNLOCKED                                           ; CodeEntry:u_code_entry|ModeChangeDetector:mode_change_detector_inst|previous_mode[0]      ; clk          ; clk         ; 1.000        ; 0.000      ; 1.831      ;
; -0.754 ; CodeEntry:u_code_entry|CodeShiftRegister:code_shift_register_inst|segment[1]              ; CodeEntry:u_code_entry|CodeShiftRegister:code_shift_register_inst|code[9]                 ; clk          ; clk         ; 1.000        ; 0.001      ; 1.791      ;
; -0.754 ; CodeEntry:u_code_entry|CodeShiftRegister:code_shift_register_inst|segment[1]              ; CodeEntry:u_code_entry|CodeShiftRegister:code_shift_register_inst|code[8]                 ; clk          ; clk         ; 1.000        ; 0.001      ; 1.791      ;
; -0.754 ; CodeEntry:u_code_entry|CodeShiftRegister:code_shift_register_inst|segment[1]              ; CodeEntry:u_code_entry|CodeShiftRegister:code_shift_register_inst|code[11]                ; clk          ; clk         ; 1.000        ; 0.001      ; 1.791      ;
; -0.754 ; CodeEntry:u_code_entry|CodeShiftRegister:code_shift_register_inst|segment[1]              ; CodeEntry:u_code_entry|CodeShiftRegister:code_shift_register_inst|code[10]                ; clk          ; clk         ; 1.000        ; 0.001      ; 1.791      ;
; -0.751 ; CodeEntry:u_code_entry|CodeShiftRegister:code_shift_register_inst|segment[1]              ; CodeEntry:u_code_entry|CodeShiftRegister:code_shift_register_inst|code[4]                 ; clk          ; clk         ; 1.000        ; 0.001      ; 1.788      ;
; -0.751 ; CodeEntry:u_code_entry|CodeShiftRegister:code_shift_register_inst|segment[1]              ; CodeEntry:u_code_entry|CodeShiftRegister:code_shift_register_inst|code[5]                 ; clk          ; clk         ; 1.000        ; 0.001      ; 1.788      ;
; -0.751 ; CodeEntry:u_code_entry|CodeShiftRegister:code_shift_register_inst|segment[1]              ; CodeEntry:u_code_entry|CodeShiftRegister:code_shift_register_inst|code[7]                 ; clk          ; clk         ; 1.000        ; 0.001      ; 1.788      ;
; -0.751 ; CodeEntry:u_code_entry|CodeShiftRegister:code_shift_register_inst|segment[1]              ; CodeEntry:u_code_entry|CodeShiftRegister:code_shift_register_inst|code[6]                 ; clk          ; clk         ; 1.000        ; 0.001      ; 1.788      ;
; -0.732 ; CodeEntry:u_code_entry|UpDownCounterWrap:up_down_counter_inst|count[2]                    ; CodeEntry:u_code_entry|UpDownCounterWrap:up_down_counter_inst|count[2]                    ; clk          ; clk         ; 1.000        ; 0.000      ; 1.768      ;
+--------+-------------------------------------------------------------------------------------------+-------------------------------------------------------------------------------------------+--------------+-------------+--------------+------------+------------+


+---------------------------------------------------------------------------------------------------------------------------------------------------------------------------------------------------------------------------------------------------------------------+
; Slow Model Hold: 'clk'                                                                                                                                                                                                                                              ;
+-------+-------------------------------------------------------------------------------------------+-------------------------------------------------------------------------------------------+--------------+-------------+--------------+------------+------------+
; Slack ; From Node                                                                                 ; To Node                                                                                   ; Launch Clock ; Latch Clock ; Relationship ; Clock Skew ; Data Delay ;
+-------+-------------------------------------------------------------------------------------------+-------------------------------------------------------------------------------------------+--------------+-------------+--------------+------------+------------+
; 0.391 ; ModeController:u_mode_controller|state.UNLOCKED_PROGRAMMING                               ; ModeController:u_mode_controller|state.UNLOCKED_PROGRAMMING                               ; clk          ; clk         ; 0.000        ; 0.000      ; 0.657      ;
; 0.391 ; CodeEntry:u_code_entry|CodeShiftRegister:code_shift_register_inst|segment[0]              ; CodeEntry:u_code_entry|CodeShiftRegister:code_shift_register_inst|segment[0]              ; clk          ; clk         ; 0.000        ; 0.000      ; 0.657      ;
; 0.391 ; CodeEntry:u_code_entry|CodeShiftRegister:code_shift_register_inst|segment[1]              ; CodeEntry:u_code_entry|CodeShiftRegister:code_shift_register_inst|segment[1]              ; clk          ; clk         ; 0.000        ; 0.000      ; 0.657      ;
; 0.391 ; CodeEntry:u_code_entry|UpDownCounterWrap:up_down_counter_inst|count[0]                    ; CodeEntry:u_code_entry|UpDownCounterWrap:up_down_counter_inst|count[0]                    ; clk          ; clk         ; 0.000        ; 0.000      ; 0.657      ;
; 0.391 ; CodeEntry:u_code_entry|UpDownCounterWrap:up_down_counter_inst|count[2]                    ; CodeEntry:u_code_entry|UpDownCounterWrap:up_down_counter_inst|count[2]                    ; clk          ; clk         ; 0.000        ; 0.000      ; 0.657      ;
; 0.391 ; CodeEntry:u_code_entry|UpDownCounterWrap:up_down_counter_inst|count[3]                    ; CodeEntry:u_code_entry|UpDownCounterWrap:up_down_counter_inst|count[3]                    ; clk          ; clk         ; 0.000        ; 0.000      ; 0.657      ;
; 0.391 ; ModeController:u_mode_controller|state.LOCKED                                             ; ModeController:u_mode_controller|state.LOCKED                                             ; clk          ; clk         ; 0.000        ; 0.000      ; 0.657      ;
; 0.519 ; CodeEntry:u_code_entry|SinglePulse:single_pulse_inst|trigger_d                            ; CodeEntry:u_code_entry|SinglePulse:single_pulse_inst|pulse                                ; clk          ; clk         ; 0.000        ; 0.000      ; 0.785      ;
; 0.522 ; CodeEntry:u_code_entry|CodeShiftRegister:code_shift_register_inst|code[14]                ; CodeControl:u_code_control|CurrentCodeRegistry:current_code_registry_inst|stored_code[14] ; clk          ; clk         ; 0.000        ; 0.000      ; 0.788      ;
; 0.524 ; CodeEntry:u_code_entry|CodeShiftRegister:code_shift_register_inst|code[13]                ; CodeControl:u_code_control|CurrentCodeRegistry:current_code_registry_inst|stored_code[13] ; clk          ; clk         ; 0.000        ; 0.000      ; 0.790      ;
; 0.667 ; CodeEntry:u_code_entry|CodeShiftRegister:code_shift_register_inst|code[15]                ; CodeControl:u_code_control|CurrentCodeRegistry:current_code_registry_inst|stored_code[15] ; clk          ; clk         ; 0.000        ; 0.000      ; 0.933      ;
; 0.704 ; ModeController:u_mode_controller|state.UNLOCKED                                           ; CodeEntry:u_code_entry|ModeChangeDetector:mode_change_detector_inst|previous_mode[0]      ; clk          ; clk         ; 0.000        ; 0.000      ; 0.970      ;
; 0.709 ; ModeController:u_mode_controller|state.UNLOCKED_PROGRAMMING                               ; CodeEntry:u_code_entry|ModeChangeDetector:mode_change_detector_inst|previous_mode[1]      ; clk          ; clk         ; 0.000        ; 0.000      ; 0.975      ;
; 0.713 ; CodeEntry:u_code_entry|UpDownCounterWrap:up_down_counter_inst|count[2]                    ; CodeEntry:u_code_entry|CodeShiftRegister:code_shift_register_inst|code[14]                ; clk          ; clk         ; 0.000        ; -0.001     ; 0.978      ;
; 0.722 ; CodeEntry:u_code_entry|CodeShiftRegister:code_shift_register_inst|code[7]                 ; CodeControl:u_code_control|CurrentCodeRegistry:current_code_registry_inst|stored_code[7]  ; clk          ; clk         ; 0.000        ; -0.029     ; 0.959      ;
; 0.747 ; ModeController:u_mode_controller|state.UNLOCKED                                           ; ModeController:u_mode_controller|state.UNLOCKED_PROGRAMMING                               ; clk          ; clk         ; 0.000        ; 0.000      ; 1.013      ;
; 0.758 ; CodeEntry:u_code_entry|CodeShiftRegister:code_shift_register_inst|code[11]                ; CodeControl:u_code_control|CurrentCodeRegistry:current_code_registry_inst|stored_code[11] ; clk          ; clk         ; 0.000        ; -0.029     ; 0.995      ;
; 0.761 ; CodeEntry:u_code_entry|CodeShiftRegister:code_shift_register_inst|code[9]                 ; CodeControl:u_code_control|CurrentCodeRegistry:current_code_registry_inst|stored_code[9]  ; clk          ; clk         ; 0.000        ; -0.029     ; 0.998      ;
; 0.779 ; CodeEntry:u_code_entry|CodeShiftRegister:code_shift_register_inst|code[4]                 ; CodeControl:u_code_control|CurrentCodeRegistry:current_code_registry_inst|stored_code[4]  ; clk          ; clk         ; 0.000        ; -0.029     ; 1.016      ;
; 0.814 ; CodeEntry:u_code_entry|CodeShiftRegister:code_shift_register_inst|segment[0]              ; CodeEntry:u_code_entry|CodeShiftRegister:code_shift_register_inst|segment[1]              ; clk          ; clk         ; 0.000        ; 0.000      ; 1.080      ;
; 0.848 ; CodeEntry:u_code_entry|CodeShiftRegister:code_shift_register_inst|code[12]                ; CodeControl:u_code_control|CurrentCodeRegistry:current_code_registry_inst|stored_code[12] ; clk          ; clk         ; 0.000        ; 0.000      ; 1.114      ;
; 0.851 ; CodeEntry:u_code_entry|UpDownCounterWrap:up_down_counter_inst|count[3]                    ; CodeEntry:u_code_entry|CodeShiftRegister:code_shift_register_inst|code[15]                ; clk          ; clk         ; 0.000        ; -0.001     ; 1.116      ;
; 0.853 ; CodeEntry:u_code_entry|UpDownCounterWrap:up_down_counter_inst|count[0]                    ; CodeEntry:u_code_entry|CodeShiftRegister:code_shift_register_inst|code[12]                ; clk          ; clk         ; 0.000        ; -0.001     ; 1.118      ;
; 0.898 ; CodeEntry:u_code_entry|CodeShiftRegister:code_shift_register_inst|code[5]                 ; CodeControl:u_code_control|CurrentCodeRegistry:current_code_registry_inst|stored_code[5]  ; clk          ; clk         ; 0.000        ; -0.029     ; 1.135      ;
; 0.898 ; CodeEntry:u_code_entry|CodeShiftRegister:code_shift_register_inst|code[10]                ; CodeControl:u_code_control|CurrentCodeRegistry:current_code_registry_inst|stored_code[10] ; clk          ; clk         ; 0.000        ; -0.029     ; 1.135      ;
; 0.910 ; CodeEntry:u_code_entry|CodeShiftRegister:code_shift_register_inst|code[8]                 ; CodeControl:u_code_control|CurrentCodeRegistry:current_code_registry_inst|stored_code[8]  ; clk          ; clk         ; 0.000        ; -0.029     ; 1.147      ;
; 0.934 ; CodeEntry:u_code_entry|ModeChangeDetector:mode_change_detector_inst|previous_mode[1]      ; CodeEntry:u_code_entry|ModeChangeDetector:mode_change_detector_inst|is_mode_change        ; clk          ; clk         ; 0.000        ; 0.000      ; 1.200      ;
; 0.943 ; CodeEntry:u_code_entry|UpDownCounterWrap:up_down_counter_inst|count[1]                    ; CodeEntry:u_code_entry|CodeShiftRegister:code_shift_register_inst|code[5]                 ; clk          ; clk         ; 0.000        ; 0.028      ; 1.237      ;
; 0.943 ; CodeEntry:u_code_entry|UpDownCounterWrap:up_down_counter_inst|count[1]                    ; CodeEntry:u_code_entry|CodeShiftRegister:code_shift_register_inst|code[9]                 ; clk          ; clk         ; 0.000        ; 0.028      ; 1.237      ;
; 0.945 ; CodeEntry:u_code_entry|UpDownCounterWrap:up_down_counter_inst|count[0]                    ; CodeEntry:u_code_entry|CodeShiftRegister:code_shift_register_inst|code[8]                 ; clk          ; clk         ; 0.000        ; 0.028      ; 1.239      ;
; 0.945 ; CodeControl:u_code_control|UnlockLogic:unlock_logic_inst|unlock                           ; ModeController:u_mode_controller|state.LOCKED                                             ; clk          ; clk         ; 0.000        ; 0.028      ; 1.239      ;
; 0.947 ; CodeEntry:u_code_entry|UpDownCounterWrap:up_down_counter_inst|count[0]                    ; CodeEntry:u_code_entry|CodeShiftRegister:code_shift_register_inst|code[4]                 ; clk          ; clk         ; 0.000        ; 0.028      ; 1.241      ;
; 0.962 ; CodeEntry:u_code_entry|UpDownCounterWrap:up_down_counter_inst|count[0]                    ; CodeEntry:u_code_entry|UpDownCounterWrap:up_down_counter_inst|count[3]                    ; clk          ; clk         ; 0.000        ; 0.000      ; 1.228      ;
; 0.985 ; CodeEntry:u_code_entry|CodeShiftRegister:code_shift_register_inst|code[3]                 ; CodeControl:u_code_control|CurrentCodeRegistry:current_code_registry_inst|stored_code[3]  ; clk          ; clk         ; 0.000        ; -0.028     ; 1.223      ;
; 0.996 ; CodeEntry:u_code_entry|UpDownCounterWrap:up_down_counter_inst|count[0]                    ; CodeEntry:u_code_entry|UpDownCounterWrap:up_down_counter_inst|count[1]                    ; clk          ; clk         ; 0.000        ; 0.000      ; 1.262      ;
; 1.002 ; CodeEntry:u_code_entry|CodeShiftRegister:code_shift_register_inst|code[0]                 ; CodeControl:u_code_control|CurrentCodeRegistry:current_code_registry_inst|stored_code[0]  ; clk          ; clk         ; 0.000        ; -0.028     ; 1.240      ;
; 1.065 ; CodeEntry:u_code_entry|UpDownCounterWrap:up_down_counter_inst|count[2]                    ; CodeEntry:u_code_entry|UpDownCounterWrap:up_down_counter_inst|count[3]                    ; clk          ; clk         ; 0.000        ; 0.000      ; 1.331      ;
; 1.082 ; CodeEntry:u_code_entry|UpDownCounterWrap:up_down_counter_inst|count[1]                    ; CodeEntry:u_code_entry|CodeShiftRegister:code_shift_register_inst|code[13]                ; clk          ; clk         ; 0.000        ; -0.001     ; 1.347      ;
; 1.089 ; CodeEntry:u_code_entry|UpDownCounterWrap:up_down_counter_inst|count[3]                    ; CodeEntry:u_code_entry|CodeShiftRegister:code_shift_register_inst|code[7]                 ; clk          ; clk         ; 0.000        ; 0.028      ; 1.383      ;
; 1.090 ; CodeEntry:u_code_entry|UpDownCounterWrap:up_down_counter_inst|count[3]                    ; CodeEntry:u_code_entry|CodeShiftRegister:code_shift_register_inst|code[11]                ; clk          ; clk         ; 0.000        ; 0.028      ; 1.384      ;
; 1.091 ; CodeEntry:u_code_entry|UpDownCounterWrap:up_down_counter_inst|count[2]                    ; CodeEntry:u_code_entry|CodeShiftRegister:code_shift_register_inst|code[6]                 ; clk          ; clk         ; 0.000        ; 0.028      ; 1.385      ;
; 1.092 ; CodeEntry:u_code_entry|UpDownCounterWrap:up_down_counter_inst|count[1]                    ; CodeEntry:u_code_entry|UpDownCounterWrap:up_down_counter_inst|count[2]                    ; clk          ; clk         ; 0.000        ; 0.000      ; 1.358      ;
; 1.093 ; CodeEntry:u_code_entry|UpDownCounterWrap:up_down_counter_inst|count[2]                    ; CodeEntry:u_code_entry|CodeShiftRegister:code_shift_register_inst|code[10]                ; clk          ; clk         ; 0.000        ; 0.028      ; 1.387      ;
; 1.094 ; ModeController:u_mode_controller|state.UNLOCKED_PROGRAMMING                               ; ModeController:u_mode_controller|state.UNLOCKED                                           ; clk          ; clk         ; 0.000        ; 0.000      ; 1.360      ;
; 1.111 ; CodeEntry:u_code_entry|SinglePulse:single_pulse_inst|pulse                                ; CodeEntry:u_code_entry|UpDownCounterWrap:up_down_counter_inst|count[0]                    ; clk          ; clk         ; 0.000        ; -0.002     ; 1.375      ;
; 1.111 ; CodeEntry:u_code_entry|SinglePulse:single_pulse_inst|pulse                                ; CodeEntry:u_code_entry|UpDownCounterWrap:up_down_counter_inst|count[2]                    ; clk          ; clk         ; 0.000        ; -0.002     ; 1.375      ;
; 1.111 ; CodeEntry:u_code_entry|SinglePulse:single_pulse_inst|pulse                                ; CodeEntry:u_code_entry|UpDownCounterWrap:up_down_counter_inst|count[3]                    ; clk          ; clk         ; 0.000        ; -0.002     ; 1.375      ;
; 1.111 ; CodeEntry:u_code_entry|SinglePulse:single_pulse_inst|pulse                                ; CodeEntry:u_code_entry|UpDownCounterWrap:up_down_counter_inst|count[1]                    ; clk          ; clk         ; 0.000        ; -0.002     ; 1.375      ;
; 1.117 ; CodeEntry:u_code_entry|UpDownCounterWrap:up_down_counter_inst|count[1]                    ; CodeEntry:u_code_entry|UpDownCounterWrap:up_down_counter_inst|count[1]                    ; clk          ; clk         ; 0.000        ; 0.000      ; 1.383      ;
; 1.119 ; CodeEntry:u_code_entry|CodeShiftRegister:code_shift_register_inst|code[1]                 ; CodeControl:u_code_control|CurrentCodeRegistry:current_code_registry_inst|stored_code[1]  ; clk          ; clk         ; 0.000        ; -0.028     ; 1.357      ;
; 1.119 ; CodeEntry:u_code_entry|CodeShiftRegister:code_shift_register_inst|code[2]                 ; CodeControl:u_code_control|CurrentCodeRegistry:current_code_registry_inst|stored_code[2]  ; clk          ; clk         ; 0.000        ; -0.028     ; 1.357      ;
; 1.145 ; ModeController:u_mode_controller|state.LOCKED                                             ; ModeController:u_mode_controller|state.UNLOCKED                                           ; clk          ; clk         ; 0.000        ; 0.000      ; 1.411      ;
; 1.150 ; CodeEntry:u_code_entry|UpDownCounterWrap:up_down_counter_inst|count[3]                    ; CodeEntry:u_code_entry|CodeShiftRegister:code_shift_register_inst|code[3]                 ; clk          ; clk         ; 0.000        ; 0.027      ; 1.443      ;
; 1.155 ; CodeEntry:u_code_entry|UpDownCounterWrap:up_down_counter_inst|count[2]                    ; CodeEntry:u_code_entry|CodeShiftRegister:code_shift_register_inst|code[2]                 ; clk          ; clk         ; 0.000        ; 0.027      ; 1.448      ;
; 1.157 ; CodeEntry:u_code_entry|UpDownCounterWrap:up_down_counter_inst|count[1]                    ; CodeEntry:u_code_entry|CodeShiftRegister:code_shift_register_inst|code[1]                 ; clk          ; clk         ; 0.000        ; 0.027      ; 1.450      ;
; 1.159 ; CodeEntry:u_code_entry|CodeShiftRegister:code_shift_register_inst|code[6]                 ; CodeControl:u_code_control|CurrentCodeRegistry:current_code_registry_inst|stored_code[6]  ; clk          ; clk         ; 0.000        ; -0.029     ; 1.396      ;
; 1.169 ; CodeEntry:u_code_entry|UpDownCounterWrap:up_down_counter_inst|count[0]                    ; CodeEntry:u_code_entry|CodeShiftRegister:code_shift_register_inst|code[0]                 ; clk          ; clk         ; 0.000        ; 0.027      ; 1.462      ;
; 1.192 ; CodeControl:u_code_control|CurrentCodeRegistry:current_code_registry_inst|stored_code[1]  ; CodeControl:u_code_control|UnlockLogic:unlock_logic_inst|unlock                           ; clk          ; clk         ; 0.000        ; 0.000      ; 1.458      ;
; 1.203 ; CodeEntry:u_code_entry|ModeChangeDetector:mode_change_detector_inst|previous_mode[1]      ; CodeEntry:u_code_entry|ModeChangeDetector:mode_change_detector_inst|previous_mode[1]      ; clk          ; clk         ; 0.000        ; 0.000      ; 1.469      ;
; 1.203 ; CodeEntry:u_code_entry|ModeChangeDetector:mode_change_detector_inst|previous_mode[1]      ; CodeEntry:u_code_entry|ModeChangeDetector:mode_change_detector_inst|previous_mode[0]      ; clk          ; clk         ; 0.000        ; 0.000      ; 1.469      ;
; 1.221 ; CodeEntry:u_code_entry|UpDownCounterWrap:up_down_counter_inst|count[1]                    ; CodeEntry:u_code_entry|UpDownCounterWrap:up_down_counter_inst|count[3]                    ; clk          ; clk         ; 0.000        ; 0.000      ; 1.487      ;
; 1.227 ; ModeController:u_mode_controller|state.UNLOCKED                                           ; ModeController:u_mode_controller|state.UNLOCKED                                           ; clk          ; clk         ; 0.000        ; 0.000      ; 1.493      ;
; 1.265 ; CodeEntry:u_code_entry|UpDownCounterWrap:up_down_counter_inst|count[0]                    ; CodeEntry:u_code_entry|UpDownCounterWrap:up_down_counter_inst|count[2]                    ; clk          ; clk         ; 0.000        ; 0.000      ; 1.531      ;
; 1.296 ; ModeController:u_mode_controller|state.UNLOCKED                                           ; CodeEntry:u_code_entry|ModeChangeDetector:mode_change_detector_inst|is_mode_change        ; clk          ; clk         ; 0.000        ; 0.000      ; 1.562      ;
; 1.306 ; CodeEntry:u_code_entry|UpDownCounterWrap:up_down_counter_inst|count[3]                    ; CodeEntry:u_code_entry|UpDownCounterWrap:up_down_counter_inst|count[1]                    ; clk          ; clk         ; 0.000        ; 0.000      ; 1.572      ;
; 1.323 ; CodeControl:u_code_control|CurrentCodeRegistry:current_code_registry_inst|stored_code[2]  ; CodeControl:u_code_control|UnlockLogic:unlock_logic_inst|unlock                           ; clk          ; clk         ; 0.000        ; 0.000      ; 1.589      ;
; 1.340 ; CodeControl:u_code_control|UnlockLogic:unlock_logic_inst|unlock                           ; ModeController:u_mode_controller|state.UNLOCKED                                           ; clk          ; clk         ; 0.000        ; 0.028      ; 1.634      ;
; 1.343 ; CodeEntry:u_code_entry|ModeChangeDetector:mode_change_detector_inst|previous_mode[0]      ; CodeEntry:u_code_entry|ModeChangeDetector:mode_change_detector_inst|is_mode_change        ; clk          ; clk         ; 0.000        ; 0.000      ; 1.609      ;
; 1.356 ; CodeEntry:u_code_entry|UpDownCounterWrap:up_down_counter_inst|count[2]                    ; CodeEntry:u_code_entry|UpDownCounterWrap:up_down_counter_inst|count[1]                    ; clk          ; clk         ; 0.000        ; 0.000      ; 1.622      ;
; 1.419 ; ModeController:u_mode_controller|state.UNLOCKED_PROGRAMMING                               ; CodeEntry:u_code_entry|ModeChangeDetector:mode_change_detector_inst|is_mode_change        ; clk          ; clk         ; 0.000        ; 0.000      ; 1.685      ;
; 1.435 ; CodeControl:u_code_control|CurrentCodeRegistry:current_code_registry_inst|stored_code[5]  ; CodeControl:u_code_control|UnlockLogic:unlock_logic_inst|unlock                           ; clk          ; clk         ; 0.000        ; 0.000      ; 1.701      ;
; 1.452 ; CodeEntry:u_code_entry|UpDownCounterWrap:up_down_counter_inst|count[3]                    ; CodeEntry:u_code_entry|UpDownCounterWrap:up_down_counter_inst|count[2]                    ; clk          ; clk         ; 0.000        ; 0.000      ; 1.718      ;
; 1.465 ; CodeControl:u_code_control|CurrentCodeRegistry:current_code_registry_inst|stored_code[8]  ; CodeControl:u_code_control|UnlockLogic:unlock_logic_inst|unlock                           ; clk          ; clk         ; 0.000        ; 0.000      ; 1.731      ;
; 1.467 ; CodeControl:u_code_control|CurrentCodeRegistry:current_code_registry_inst|stored_code[6]  ; CodeControl:u_code_control|UnlockLogic:unlock_logic_inst|unlock                           ; clk          ; clk         ; 0.000        ; 0.000      ; 1.733      ;
; 1.481 ; CodeControl:u_code_control|UnlockLogic:unlock_logic_inst|trigger_validate_d               ; CodeControl:u_code_control|UnlockLogic:unlock_logic_inst|unlock                           ; clk          ; clk         ; 0.000        ; -0.028     ; 1.719      ;
; 1.521 ; CodeEntry:u_code_entry|CodeShiftRegister:code_shift_register_inst|segment[1]              ; CodeEntry:u_code_entry|CodeShiftRegister:code_shift_register_inst|code[4]                 ; clk          ; clk         ; 0.000        ; 0.001      ; 1.788      ;
; 1.521 ; CodeEntry:u_code_entry|CodeShiftRegister:code_shift_register_inst|segment[1]              ; CodeEntry:u_code_entry|CodeShiftRegister:code_shift_register_inst|code[5]                 ; clk          ; clk         ; 0.000        ; 0.001      ; 1.788      ;
; 1.521 ; CodeEntry:u_code_entry|CodeShiftRegister:code_shift_register_inst|segment[1]              ; CodeEntry:u_code_entry|CodeShiftRegister:code_shift_register_inst|code[7]                 ; clk          ; clk         ; 0.000        ; 0.001      ; 1.788      ;
; 1.521 ; CodeEntry:u_code_entry|CodeShiftRegister:code_shift_register_inst|segment[1]              ; CodeEntry:u_code_entry|CodeShiftRegister:code_shift_register_inst|code[6]                 ; clk          ; clk         ; 0.000        ; 0.001      ; 1.788      ;
; 1.524 ; CodeEntry:u_code_entry|CodeShiftRegister:code_shift_register_inst|segment[1]              ; CodeEntry:u_code_entry|CodeShiftRegister:code_shift_register_inst|code[9]                 ; clk          ; clk         ; 0.000        ; 0.001      ; 1.791      ;
; 1.524 ; CodeEntry:u_code_entry|CodeShiftRegister:code_shift_register_inst|segment[1]              ; CodeEntry:u_code_entry|CodeShiftRegister:code_shift_register_inst|code[8]                 ; clk          ; clk         ; 0.000        ; 0.001      ; 1.791      ;
; 1.524 ; CodeEntry:u_code_entry|CodeShiftRegister:code_shift_register_inst|segment[1]              ; CodeEntry:u_code_entry|CodeShiftRegister:code_shift_register_inst|code[11]                ; clk          ; clk         ; 0.000        ; 0.001      ; 1.791      ;
; 1.524 ; CodeEntry:u_code_entry|CodeShiftRegister:code_shift_register_inst|segment[1]              ; CodeEntry:u_code_entry|CodeShiftRegister:code_shift_register_inst|code[10]                ; clk          ; clk         ; 0.000        ; 0.001      ; 1.791      ;
; 1.565 ; ModeController:u_mode_controller|state.UNLOCKED                                           ; CodeEntry:u_code_entry|ModeChangeDetector:mode_change_detector_inst|previous_mode[1]      ; clk          ; clk         ; 0.000        ; 0.000      ; 1.831      ;
; 1.598 ; CodeControl:u_code_control|CurrentCodeRegistry:current_code_registry_inst|stored_code[12] ; CodeControl:u_code_control|UnlockLogic:unlock_logic_inst|unlock                           ; clk          ; clk         ; 0.000        ; 0.000      ; 1.864      ;
; 1.600 ; CodeControl:u_code_control|CurrentCodeRegistry:current_code_registry_inst|stored_code[7]  ; CodeControl:u_code_control|UnlockLogic:unlock_logic_inst|unlock                           ; clk          ; clk         ; 0.000        ; 0.000      ; 1.866      ;
; 1.612 ; CodeEntry:u_code_entry|ModeChangeDetector:mode_change_detector_inst|previous_mode[0]      ; CodeEntry:u_code_entry|ModeChangeDetector:mode_change_detector_inst|previous_mode[1]      ; clk          ; clk         ; 0.000        ; 0.000      ; 1.878      ;
; 1.612 ; CodeEntry:u_code_entry|ModeChangeDetector:mode_change_detector_inst|previous_mode[0]      ; CodeEntry:u_code_entry|ModeChangeDetector:mode_change_detector_inst|previous_mode[0]      ; clk          ; clk         ; 0.000        ; 0.000      ; 1.878      ;
; 1.637 ; CodeControl:u_code_control|CurrentCodeRegistry:current_code_registry_inst|stored_code[0]  ; CodeControl:u_code_control|UnlockLogic:unlock_logic_inst|unlock                           ; clk          ; clk         ; 0.000        ; 0.000      ; 1.903      ;
; 1.688 ; ModeController:u_mode_controller|state.UNLOCKED_PROGRAMMING                               ; CodeEntry:u_code_entry|ModeChangeDetector:mode_change_detector_inst|previous_mode[0]      ; clk          ; clk         ; 0.000        ; 0.000      ; 1.954      ;
; 1.714 ; CodeControl:u_code_control|CurrentCodeRegistry:current_code_registry_inst|stored_code[10] ; CodeControl:u_code_control|UnlockLogic:unlock_logic_inst|unlock                           ; clk          ; clk         ; 0.000        ; 0.000      ; 1.980      ;
; 1.757 ; CodeEntry:u_code_entry|CodeShiftRegister:code_shift_register_inst|segment[0]              ; CodeEntry:u_code_entry|CodeShiftRegister:code_shift_register_inst|code[4]                 ; clk          ; clk         ; 0.000        ; 0.001      ; 2.024      ;
; 1.757 ; CodeEntry:u_code_entry|CodeShiftRegister:code_shift_register_inst|segment[0]              ; CodeEntry:u_code_entry|CodeShiftRegister:code_shift_register_inst|code[5]                 ; clk          ; clk         ; 0.000        ; 0.001      ; 2.024      ;
; 1.757 ; CodeEntry:u_code_entry|CodeShiftRegister:code_shift_register_inst|segment[0]              ; CodeEntry:u_code_entry|CodeShiftRegister:code_shift_register_inst|code[7]                 ; clk          ; clk         ; 0.000        ; 0.001      ; 2.024      ;
; 1.757 ; CodeEntry:u_code_entry|CodeShiftRegister:code_shift_register_inst|segment[0]              ; CodeEntry:u_code_entry|CodeShiftRegister:code_shift_register_inst|code[6]                 ; clk          ; clk         ; 0.000        ; 0.001      ; 2.024      ;
; 1.765 ; CodeControl:u_code_control|CurrentCodeRegistry:current_code_registry_inst|stored_code[3]  ; CodeControl:u_code_control|UnlockLogic:unlock_logic_inst|unlock                           ; clk          ; clk         ; 0.000        ; 0.000      ; 2.031      ;
; 1.767 ; CodeEntry:u_code_entry|CodeShiftRegister:code_shift_register_inst|segment[1]              ; CodeEntry:u_code_entry|CodeShiftRegister:code_shift_register_inst|code[0]                 ; clk          ; clk         ; 0.000        ; 0.000      ; 2.033      ;
; 1.767 ; CodeEntry:u_code_entry|CodeShiftRegister:code_shift_register_inst|segment[1]              ; CodeEntry:u_code_entry|CodeShiftRegister:code_shift_register_inst|code[1]                 ; clk          ; clk         ; 0.000        ; 0.000      ; 2.033      ;
; 1.767 ; CodeEntry:u_code_entry|CodeShiftRegister:code_shift_register_inst|segment[1]              ; CodeEntry:u_code_entry|CodeShiftRegister:code_shift_register_inst|code[3]                 ; clk          ; clk         ; 0.000        ; 0.000      ; 2.033      ;
; 1.767 ; CodeEntry:u_code_entry|CodeShiftRegister:code_shift_register_inst|segment[1]              ; CodeEntry:u_code_entry|CodeShiftRegister:code_shift_register_inst|code[2]                 ; clk          ; clk         ; 0.000        ; 0.000      ; 2.033      ;
+-------+-------------------------------------------------------------------------------------------+-------------------------------------------------------------------------------------------+--------------+-------------+--------------+------------+------------+


+--------------------------------------------------------------------------------------------------------------------------------------------------------------------------------------------------------------------------------------------------+
; Slow Model Recovery: 'clk'                                                                                                                                                                                                                       ;
+--------+------------------------------------------------------------------------------------+------------------------------------------------------------------------------+--------------+-------------+--------------+------------+------------+
; Slack  ; From Node                                                                          ; To Node                                                                      ; Launch Clock ; Latch Clock ; Relationship ; Clock Skew ; Data Delay ;
+--------+------------------------------------------------------------------------------------+------------------------------------------------------------------------------+--------------+-------------+--------------+------------+------------+
; -0.986 ; CodeEntry:u_code_entry|ModeChangeDetector:mode_change_detector_inst|is_mode_change ; CodeEntry:u_code_entry|CodeShiftRegister:code_shift_register_inst|code[13]   ; clk          ; clk         ; 1.000        ; -0.028     ; 1.994      ;
; -0.986 ; CodeEntry:u_code_entry|ModeChangeDetector:mode_change_detector_inst|is_mode_change ; CodeEntry:u_code_entry|CodeShiftRegister:code_shift_register_inst|code[12]   ; clk          ; clk         ; 1.000        ; -0.028     ; 1.994      ;
; -0.986 ; CodeEntry:u_code_entry|ModeChangeDetector:mode_change_detector_inst|is_mode_change ; CodeEntry:u_code_entry|CodeShiftRegister:code_shift_register_inst|code[14]   ; clk          ; clk         ; 1.000        ; -0.028     ; 1.994      ;
; -0.986 ; CodeEntry:u_code_entry|ModeChangeDetector:mode_change_detector_inst|is_mode_change ; CodeEntry:u_code_entry|CodeShiftRegister:code_shift_register_inst|code[15]   ; clk          ; clk         ; 1.000        ; -0.028     ; 1.994      ;
; -0.728 ; CodeEntry:u_code_entry|ModeChangeDetector:mode_change_detector_inst|is_mode_change ; CodeEntry:u_code_entry|CodeShiftRegister:code_shift_register_inst|code[4]    ; clk          ; clk         ; 1.000        ; 0.001      ; 1.765      ;
; -0.728 ; CodeEntry:u_code_entry|ModeChangeDetector:mode_change_detector_inst|is_mode_change ; CodeEntry:u_code_entry|CodeShiftRegister:code_shift_register_inst|code[5]    ; clk          ; clk         ; 1.000        ; 0.001      ; 1.765      ;
; -0.728 ; CodeEntry:u_code_entry|ModeChangeDetector:mode_change_detector_inst|is_mode_change ; CodeEntry:u_code_entry|CodeShiftRegister:code_shift_register_inst|code[7]    ; clk          ; clk         ; 1.000        ; 0.001      ; 1.765      ;
; -0.728 ; CodeEntry:u_code_entry|ModeChangeDetector:mode_change_detector_inst|is_mode_change ; CodeEntry:u_code_entry|CodeShiftRegister:code_shift_register_inst|code[6]    ; clk          ; clk         ; 1.000        ; 0.001      ; 1.765      ;
; -0.728 ; CodeEntry:u_code_entry|ModeChangeDetector:mode_change_detector_inst|is_mode_change ; CodeEntry:u_code_entry|CodeShiftRegister:code_shift_register_inst|code[9]    ; clk          ; clk         ; 1.000        ; 0.001      ; 1.765      ;
; -0.728 ; CodeEntry:u_code_entry|ModeChangeDetector:mode_change_detector_inst|is_mode_change ; CodeEntry:u_code_entry|CodeShiftRegister:code_shift_register_inst|code[8]    ; clk          ; clk         ; 1.000        ; 0.001      ; 1.765      ;
; -0.728 ; CodeEntry:u_code_entry|ModeChangeDetector:mode_change_detector_inst|is_mode_change ; CodeEntry:u_code_entry|CodeShiftRegister:code_shift_register_inst|code[11]   ; clk          ; clk         ; 1.000        ; 0.001      ; 1.765      ;
; -0.728 ; CodeEntry:u_code_entry|ModeChangeDetector:mode_change_detector_inst|is_mode_change ; CodeEntry:u_code_entry|CodeShiftRegister:code_shift_register_inst|code[10]   ; clk          ; clk         ; 1.000        ; 0.001      ; 1.765      ;
; -0.724 ; CodeEntry:u_code_entry|ModeChangeDetector:mode_change_detector_inst|is_mode_change ; CodeEntry:u_code_entry|CodeShiftRegister:code_shift_register_inst|code[0]    ; clk          ; clk         ; 1.000        ; 0.000      ; 1.760      ;
; -0.724 ; CodeEntry:u_code_entry|ModeChangeDetector:mode_change_detector_inst|is_mode_change ; CodeEntry:u_code_entry|CodeShiftRegister:code_shift_register_inst|code[1]    ; clk          ; clk         ; 1.000        ; 0.000      ; 1.760      ;
; -0.724 ; CodeEntry:u_code_entry|ModeChangeDetector:mode_change_detector_inst|is_mode_change ; CodeEntry:u_code_entry|CodeShiftRegister:code_shift_register_inst|code[3]    ; clk          ; clk         ; 1.000        ; 0.000      ; 1.760      ;
; -0.724 ; CodeEntry:u_code_entry|ModeChangeDetector:mode_change_detector_inst|is_mode_change ; CodeEntry:u_code_entry|CodeShiftRegister:code_shift_register_inst|code[2]    ; clk          ; clk         ; 1.000        ; 0.000      ; 1.760      ;
; -0.559 ; CodeEntry:u_code_entry|ModeChangeDetector:mode_change_detector_inst|is_mode_change ; CodeEntry:u_code_entry|CodeShiftRegister:code_shift_register_inst|segment[0] ; clk          ; clk         ; 1.000        ; 0.000      ; 1.595      ;
; -0.559 ; CodeEntry:u_code_entry|ModeChangeDetector:mode_change_detector_inst|is_mode_change ; CodeEntry:u_code_entry|CodeShiftRegister:code_shift_register_inst|segment[1] ; clk          ; clk         ; 1.000        ; 0.000      ; 1.595      ;
+--------+------------------------------------------------------------------------------------+------------------------------------------------------------------------------+--------------+-------------+--------------+------------+------------+


+-------------------------------------------------------------------------------------------------------------------------------------------------------------------------------------------------------------------------------------------------+
; Slow Model Removal: 'clk'                                                                                                                                                                                                                       ;
+-------+------------------------------------------------------------------------------------+------------------------------------------------------------------------------+--------------+-------------+--------------+------------+------------+
; Slack ; From Node                                                                          ; To Node                                                                      ; Launch Clock ; Latch Clock ; Relationship ; Clock Skew ; Data Delay ;
+-------+------------------------------------------------------------------------------------+------------------------------------------------------------------------------+--------------+-------------+--------------+------------+------------+
; 1.329 ; CodeEntry:u_code_entry|ModeChangeDetector:mode_change_detector_inst|is_mode_change ; CodeEntry:u_code_entry|CodeShiftRegister:code_shift_register_inst|segment[0] ; clk          ; clk         ; 0.000        ; 0.000      ; 1.595      ;
; 1.329 ; CodeEntry:u_code_entry|ModeChangeDetector:mode_change_detector_inst|is_mode_change ; CodeEntry:u_code_entry|CodeShiftRegister:code_shift_register_inst|segment[1] ; clk          ; clk         ; 0.000        ; 0.000      ; 1.595      ;
; 1.494 ; CodeEntry:u_code_entry|ModeChangeDetector:mode_change_detector_inst|is_mode_change ; CodeEntry:u_code_entry|CodeShiftRegister:code_shift_register_inst|code[0]    ; clk          ; clk         ; 0.000        ; 0.000      ; 1.760      ;
; 1.494 ; CodeEntry:u_code_entry|ModeChangeDetector:mode_change_detector_inst|is_mode_change ; CodeEntry:u_code_entry|CodeShiftRegister:code_shift_register_inst|code[1]    ; clk          ; clk         ; 0.000        ; 0.000      ; 1.760      ;
; 1.494 ; CodeEntry:u_code_entry|ModeChangeDetector:mode_change_detector_inst|is_mode_change ; CodeEntry:u_code_entry|CodeShiftRegister:code_shift_register_inst|code[3]    ; clk          ; clk         ; 0.000        ; 0.000      ; 1.760      ;
; 1.494 ; CodeEntry:u_code_entry|ModeChangeDetector:mode_change_detector_inst|is_mode_change ; CodeEntry:u_code_entry|CodeShiftRegister:code_shift_register_inst|code[2]    ; clk          ; clk         ; 0.000        ; 0.000      ; 1.760      ;
; 1.498 ; CodeEntry:u_code_entry|ModeChangeDetector:mode_change_detector_inst|is_mode_change ; CodeEntry:u_code_entry|CodeShiftRegister:code_shift_register_inst|code[4]    ; clk          ; clk         ; 0.000        ; 0.001      ; 1.765      ;
; 1.498 ; CodeEntry:u_code_entry|ModeChangeDetector:mode_change_detector_inst|is_mode_change ; CodeEntry:u_code_entry|CodeShiftRegister:code_shift_register_inst|code[5]    ; clk          ; clk         ; 0.000        ; 0.001      ; 1.765      ;
; 1.498 ; CodeEntry:u_code_entry|ModeChangeDetector:mode_change_detector_inst|is_mode_change ; CodeEntry:u_code_entry|CodeShiftRegister:code_shift_register_inst|code[7]    ; clk          ; clk         ; 0.000        ; 0.001      ; 1.765      ;
; 1.498 ; CodeEntry:u_code_entry|ModeChangeDetector:mode_change_detector_inst|is_mode_change ; CodeEntry:u_code_entry|CodeShiftRegister:code_shift_register_inst|code[6]    ; clk          ; clk         ; 0.000        ; 0.001      ; 1.765      ;
; 1.498 ; CodeEntry:u_code_entry|ModeChangeDetector:mode_change_detector_inst|is_mode_change ; CodeEntry:u_code_entry|CodeShiftRegister:code_shift_register_inst|code[9]    ; clk          ; clk         ; 0.000        ; 0.001      ; 1.765      ;
; 1.498 ; CodeEntry:u_code_entry|ModeChangeDetector:mode_change_detector_inst|is_mode_change ; CodeEntry:u_code_entry|CodeShiftRegister:code_shift_register_inst|code[8]    ; clk          ; clk         ; 0.000        ; 0.001      ; 1.765      ;
; 1.498 ; CodeEntry:u_code_entry|ModeChangeDetector:mode_change_detector_inst|is_mode_change ; CodeEntry:u_code_entry|CodeShiftRegister:code_shift_register_inst|code[11]   ; clk          ; clk         ; 0.000        ; 0.001      ; 1.765      ;
; 1.498 ; CodeEntry:u_code_entry|ModeChangeDetector:mode_change_detector_inst|is_mode_change ; CodeEntry:u_code_entry|CodeShiftRegister:code_shift_register_inst|code[10]   ; clk          ; clk         ; 0.000        ; 0.001      ; 1.765      ;
; 1.756 ; CodeEntry:u_code_entry|ModeChangeDetector:mode_change_detector_inst|is_mode_change ; CodeEntry:u_code_entry|CodeShiftRegister:code_shift_register_inst|code[13]   ; clk          ; clk         ; 0.000        ; -0.028     ; 1.994      ;
; 1.756 ; CodeEntry:u_code_entry|ModeChangeDetector:mode_change_detector_inst|is_mode_change ; CodeEntry:u_code_entry|CodeShiftRegister:code_shift_register_inst|code[12]   ; clk          ; clk         ; 0.000        ; -0.028     ; 1.994      ;
; 1.756 ; CodeEntry:u_code_entry|ModeChangeDetector:mode_change_detector_inst|is_mode_change ; CodeEntry:u_code_entry|CodeShiftRegister:code_shift_register_inst|code[14]   ; clk          ; clk         ; 0.000        ; -0.028     ; 1.994      ;
; 1.756 ; CodeEntry:u_code_entry|ModeChangeDetector:mode_change_detector_inst|is_mode_change ; CodeEntry:u_code_entry|CodeShiftRegister:code_shift_register_inst|code[15]   ; clk          ; clk         ; 0.000        ; -0.028     ; 1.994      ;
+-------+------------------------------------------------------------------------------------+------------------------------------------------------------------------------+--------------+-------------+--------------+------------+------------+


+----------------------------------------------------------------------------------------------------------------------------------------------------------------------------+
; Slow Model Minimum Pulse Width: 'clk'                                                                                                                                      ;
+--------+--------------+----------------+------------------+-------+------------+-------------------------------------------------------------------------------------------+
; Slack  ; Actual Width ; Required Width ; Type             ; Clock ; Clock Edge ; Target                                                                                    ;
+--------+--------------+----------------+------------------+-------+------------+-------------------------------------------------------------------------------------------+
; -1.380 ; 1.000        ; 2.380          ; Port Rate        ; clk   ; Rise       ; clk                                                                                       ;
; -0.500 ; 0.500        ; 1.000          ; High Pulse Width ; clk   ; Rise       ; CodeControl:u_code_control|CurrentCodeRegistry:current_code_registry_inst|stored_code[0]  ;
; -0.500 ; 0.500        ; 1.000          ; Low Pulse Width  ; clk   ; Rise       ; CodeControl:u_code_control|CurrentCodeRegistry:current_code_registry_inst|stored_code[0]  ;
; -0.500 ; 0.500        ; 1.000          ; High Pulse Width ; clk   ; Rise       ; CodeControl:u_code_control|CurrentCodeRegistry:current_code_registry_inst|stored_code[10] ;
; -0.500 ; 0.500        ; 1.000          ; Low Pulse Width  ; clk   ; Rise       ; CodeControl:u_code_control|CurrentCodeRegistry:current_code_registry_inst|stored_code[10] ;
; -0.500 ; 0.500        ; 1.000          ; High Pulse Width ; clk   ; Rise       ; CodeControl:u_code_control|CurrentCodeRegistry:current_code_registry_inst|stored_code[11] ;
; -0.500 ; 0.500        ; 1.000          ; Low Pulse Width  ; clk   ; Rise       ; CodeControl:u_code_control|CurrentCodeRegistry:current_code_registry_inst|stored_code[11] ;
; -0.500 ; 0.500        ; 1.000          ; High Pulse Width ; clk   ; Rise       ; CodeControl:u_code_control|CurrentCodeRegistry:current_code_registry_inst|stored_code[12] ;
; -0.500 ; 0.500        ; 1.000          ; Low Pulse Width  ; clk   ; Rise       ; CodeControl:u_code_control|CurrentCodeRegistry:current_code_registry_inst|stored_code[12] ;
; -0.500 ; 0.500        ; 1.000          ; High Pulse Width ; clk   ; Rise       ; CodeControl:u_code_control|CurrentCodeRegistry:current_code_registry_inst|stored_code[13] ;
; -0.500 ; 0.500        ; 1.000          ; Low Pulse Width  ; clk   ; Rise       ; CodeControl:u_code_control|CurrentCodeRegistry:current_code_registry_inst|stored_code[13] ;
; -0.500 ; 0.500        ; 1.000          ; High Pulse Width ; clk   ; Rise       ; CodeControl:u_code_control|CurrentCodeRegistry:current_code_registry_inst|stored_code[14] ;
; -0.500 ; 0.500        ; 1.000          ; Low Pulse Width  ; clk   ; Rise       ; CodeControl:u_code_control|CurrentCodeRegistry:current_code_registry_inst|stored_code[14] ;
; -0.500 ; 0.500        ; 1.000          ; High Pulse Width ; clk   ; Rise       ; CodeControl:u_code_control|CurrentCodeRegistry:current_code_registry_inst|stored_code[15] ;
; -0.500 ; 0.500        ; 1.000          ; Low Pulse Width  ; clk   ; Rise       ; CodeControl:u_code_control|CurrentCodeRegistry:current_code_registry_inst|stored_code[15] ;
; -0.500 ; 0.500        ; 1.000          ; High Pulse Width ; clk   ; Rise       ; CodeControl:u_code_control|CurrentCodeRegistry:current_code_registry_inst|stored_code[1]  ;
; -0.500 ; 0.500        ; 1.000          ; Low Pulse Width  ; clk   ; Rise       ; CodeControl:u_code_control|CurrentCodeRegistry:current_code_registry_inst|stored_code[1]  ;
; -0.500 ; 0.500        ; 1.000          ; High Pulse Width ; clk   ; Rise       ; CodeControl:u_code_control|CurrentCodeRegistry:current_code_registry_inst|stored_code[2]  ;
; -0.500 ; 0.500        ; 1.000          ; Low Pulse Width  ; clk   ; Rise       ; CodeControl:u_code_control|CurrentCodeRegistry:current_code_registry_inst|stored_code[2]  ;
; -0.500 ; 0.500        ; 1.000          ; High Pulse Width ; clk   ; Rise       ; CodeControl:u_code_control|CurrentCodeRegistry:current_code_registry_inst|stored_code[3]  ;
; -0.500 ; 0.500        ; 1.000          ; Low Pulse Width  ; clk   ; Rise       ; CodeControl:u_code_control|CurrentCodeRegistry:current_code_registry_inst|stored_code[3]  ;
; -0.500 ; 0.500        ; 1.000          ; High Pulse Width ; clk   ; Rise       ; CodeControl:u_code_control|CurrentCodeRegistry:current_code_registry_inst|stored_code[4]  ;
; -0.500 ; 0.500        ; 1.000          ; Low Pulse Width  ; clk   ; Rise       ; CodeControl:u_code_control|CurrentCodeRegistry:current_code_registry_inst|stored_code[4]  ;
; -0.500 ; 0.500        ; 1.000          ; High Pulse Width ; clk   ; Rise       ; CodeControl:u_code_control|CurrentCodeRegistry:current_code_registry_inst|stored_code[5]  ;
; -0.500 ; 0.500        ; 1.000          ; Low Pulse Width  ; clk   ; Rise       ; CodeControl:u_code_control|CurrentCodeRegistry:current_code_registry_inst|stored_code[5]  ;
; -0.500 ; 0.500        ; 1.000          ; High Pulse Width ; clk   ; Rise       ; CodeControl:u_code_control|CurrentCodeRegistry:current_code_registry_inst|stored_code[6]  ;
; -0.500 ; 0.500        ; 1.000          ; Low Pulse Width  ; clk   ; Rise       ; CodeControl:u_code_control|CurrentCodeRegistry:current_code_registry_inst|stored_code[6]  ;
; -0.500 ; 0.500        ; 1.000          ; High Pulse Width ; clk   ; Rise       ; CodeControl:u_code_control|CurrentCodeRegistry:current_code_registry_inst|stored_code[7]  ;
; -0.500 ; 0.500        ; 1.000          ; Low Pulse Width  ; clk   ; Rise       ; CodeControl:u_code_control|CurrentCodeRegistry:current_code_registry_inst|stored_code[7]  ;
; -0.500 ; 0.500        ; 1.000          ; High Pulse Width ; clk   ; Rise       ; CodeControl:u_code_control|CurrentCodeRegistry:current_code_registry_inst|stored_code[8]  ;
; -0.500 ; 0.500        ; 1.000          ; Low Pulse Width  ; clk   ; Rise       ; CodeControl:u_code_control|CurrentCodeRegistry:current_code_registry_inst|stored_code[8]  ;
; -0.500 ; 0.500        ; 1.000          ; High Pulse Width ; clk   ; Rise       ; CodeControl:u_code_control|CurrentCodeRegistry:current_code_registry_inst|stored_code[9]  ;
; -0.500 ; 0.500        ; 1.000          ; Low Pulse Width  ; clk   ; Rise       ; CodeControl:u_code_control|CurrentCodeRegistry:current_code_registry_inst|stored_code[9]  ;
; -0.500 ; 0.500        ; 1.000          ; High Pulse Width ; clk   ; Rise       ; CodeControl:u_code_control|UnlockLogic:unlock_logic_inst|trigger_validate_d               ;
; -0.500 ; 0.500        ; 1.000          ; Low Pulse Width  ; clk   ; Rise       ; CodeControl:u_code_control|UnlockLogic:unlock_logic_inst|trigger_validate_d               ;
; -0.500 ; 0.500        ; 1.000          ; High Pulse Width ; clk   ; Rise       ; CodeControl:u_code_control|UnlockLogic:unlock_logic_inst|unlock                           ;
; -0.500 ; 0.500        ; 1.000          ; Low Pulse Width  ; clk   ; Rise       ; CodeControl:u_code_control|UnlockLogic:unlock_logic_inst|unlock                           ;
; -0.500 ; 0.500        ; 1.000          ; High Pulse Width ; clk   ; Rise       ; CodeEntry:u_code_entry|CodeShiftRegister:code_shift_register_inst|code[0]                 ;
; -0.500 ; 0.500        ; 1.000          ; Low Pulse Width  ; clk   ; Rise       ; CodeEntry:u_code_entry|CodeShiftRegister:code_shift_register_inst|code[0]                 ;
; -0.500 ; 0.500        ; 1.000          ; High Pulse Width ; clk   ; Rise       ; CodeEntry:u_code_entry|CodeShiftRegister:code_shift_register_inst|code[10]                ;
; -0.500 ; 0.500        ; 1.000          ; Low Pulse Width  ; clk   ; Rise       ; CodeEntry:u_code_entry|CodeShiftRegister:code_shift_register_inst|code[10]                ;
; -0.500 ; 0.500        ; 1.000          ; High Pulse Width ; clk   ; Rise       ; CodeEntry:u_code_entry|CodeShiftRegister:code_shift_register_inst|code[11]                ;
; -0.500 ; 0.500        ; 1.000          ; Low Pulse Width  ; clk   ; Rise       ; CodeEntry:u_code_entry|CodeShiftRegister:code_shift_register_inst|code[11]                ;
; -0.500 ; 0.500        ; 1.000          ; High Pulse Width ; clk   ; Rise       ; CodeEntry:u_code_entry|CodeShiftRegister:code_shift_register_inst|code[12]                ;
; -0.500 ; 0.500        ; 1.000          ; Low Pulse Width  ; clk   ; Rise       ; CodeEntry:u_code_entry|CodeShiftRegister:code_shift_register_inst|code[12]                ;
; -0.500 ; 0.500        ; 1.000          ; High Pulse Width ; clk   ; Rise       ; CodeEntry:u_code_entry|CodeShiftRegister:code_shift_register_inst|code[13]                ;
; -0.500 ; 0.500        ; 1.000          ; Low Pulse Width  ; clk   ; Rise       ; CodeEntry:u_code_entry|CodeShiftRegister:code_shift_register_inst|code[13]                ;
; -0.500 ; 0.500        ; 1.000          ; High Pulse Width ; clk   ; Rise       ; CodeEntry:u_code_entry|CodeShiftRegister:code_shift_register_inst|code[14]                ;
; -0.500 ; 0.500        ; 1.000          ; Low Pulse Width  ; clk   ; Rise       ; CodeEntry:u_code_entry|CodeShiftRegister:code_shift_register_inst|code[14]                ;
; -0.500 ; 0.500        ; 1.000          ; High Pulse Width ; clk   ; Rise       ; CodeEntry:u_code_entry|CodeShiftRegister:code_shift_register_inst|code[15]                ;
; -0.500 ; 0.500        ; 1.000          ; Low Pulse Width  ; clk   ; Rise       ; CodeEntry:u_code_entry|CodeShiftRegister:code_shift_register_inst|code[15]                ;
; -0.500 ; 0.500        ; 1.000          ; High Pulse Width ; clk   ; Rise       ; CodeEntry:u_code_entry|CodeShiftRegister:code_shift_register_inst|code[1]                 ;
; -0.500 ; 0.500        ; 1.000          ; Low Pulse Width  ; clk   ; Rise       ; CodeEntry:u_code_entry|CodeShiftRegister:code_shift_register_inst|code[1]                 ;
; -0.500 ; 0.500        ; 1.000          ; High Pulse Width ; clk   ; Rise       ; CodeEntry:u_code_entry|CodeShiftRegister:code_shift_register_inst|code[2]                 ;
; -0.500 ; 0.500        ; 1.000          ; Low Pulse Width  ; clk   ; Rise       ; CodeEntry:u_code_entry|CodeShiftRegister:code_shift_register_inst|code[2]                 ;
; -0.500 ; 0.500        ; 1.000          ; High Pulse Width ; clk   ; Rise       ; CodeEntry:u_code_entry|CodeShiftRegister:code_shift_register_inst|code[3]                 ;
; -0.500 ; 0.500        ; 1.000          ; Low Pulse Width  ; clk   ; Rise       ; CodeEntry:u_code_entry|CodeShiftRegister:code_shift_register_inst|code[3]                 ;
; -0.500 ; 0.500        ; 1.000          ; High Pulse Width ; clk   ; Rise       ; CodeEntry:u_code_entry|CodeShiftRegister:code_shift_register_inst|code[4]                 ;
; -0.500 ; 0.500        ; 1.000          ; Low Pulse Width  ; clk   ; Rise       ; CodeEntry:u_code_entry|CodeShiftRegister:code_shift_register_inst|code[4]                 ;
; -0.500 ; 0.500        ; 1.000          ; High Pulse Width ; clk   ; Rise       ; CodeEntry:u_code_entry|CodeShiftRegister:code_shift_register_inst|code[5]                 ;
; -0.500 ; 0.500        ; 1.000          ; Low Pulse Width  ; clk   ; Rise       ; CodeEntry:u_code_entry|CodeShiftRegister:code_shift_register_inst|code[5]                 ;
; -0.500 ; 0.500        ; 1.000          ; High Pulse Width ; clk   ; Rise       ; CodeEntry:u_code_entry|CodeShiftRegister:code_shift_register_inst|code[6]                 ;
; -0.500 ; 0.500        ; 1.000          ; Low Pulse Width  ; clk   ; Rise       ; CodeEntry:u_code_entry|CodeShiftRegister:code_shift_register_inst|code[6]                 ;
; -0.500 ; 0.500        ; 1.000          ; High Pulse Width ; clk   ; Rise       ; CodeEntry:u_code_entry|CodeShiftRegister:code_shift_register_inst|code[7]                 ;
; -0.500 ; 0.500        ; 1.000          ; Low Pulse Width  ; clk   ; Rise       ; CodeEntry:u_code_entry|CodeShiftRegister:code_shift_register_inst|code[7]                 ;
; -0.500 ; 0.500        ; 1.000          ; High Pulse Width ; clk   ; Rise       ; CodeEntry:u_code_entry|CodeShiftRegister:code_shift_register_inst|code[8]                 ;
; -0.500 ; 0.500        ; 1.000          ; Low Pulse Width  ; clk   ; Rise       ; CodeEntry:u_code_entry|CodeShiftRegister:code_shift_register_inst|code[8]                 ;
; -0.500 ; 0.500        ; 1.000          ; High Pulse Width ; clk   ; Rise       ; CodeEntry:u_code_entry|CodeShiftRegister:code_shift_register_inst|code[9]                 ;
; -0.500 ; 0.500        ; 1.000          ; Low Pulse Width  ; clk   ; Rise       ; CodeEntry:u_code_entry|CodeShiftRegister:code_shift_register_inst|code[9]                 ;
; -0.500 ; 0.500        ; 1.000          ; High Pulse Width ; clk   ; Rise       ; CodeEntry:u_code_entry|CodeShiftRegister:code_shift_register_inst|segment[0]              ;
; -0.500 ; 0.500        ; 1.000          ; Low Pulse Width  ; clk   ; Rise       ; CodeEntry:u_code_entry|CodeShiftRegister:code_shift_register_inst|segment[0]              ;
; -0.500 ; 0.500        ; 1.000          ; High Pulse Width ; clk   ; Rise       ; CodeEntry:u_code_entry|CodeShiftRegister:code_shift_register_inst|segment[1]              ;
; -0.500 ; 0.500        ; 1.000          ; Low Pulse Width  ; clk   ; Rise       ; CodeEntry:u_code_entry|CodeShiftRegister:code_shift_register_inst|segment[1]              ;
; -0.500 ; 0.500        ; 1.000          ; High Pulse Width ; clk   ; Rise       ; CodeEntry:u_code_entry|ModeChangeDetector:mode_change_detector_inst|is_mode_change        ;
; -0.500 ; 0.500        ; 1.000          ; Low Pulse Width  ; clk   ; Rise       ; CodeEntry:u_code_entry|ModeChangeDetector:mode_change_detector_inst|is_mode_change        ;
; -0.500 ; 0.500        ; 1.000          ; High Pulse Width ; clk   ; Rise       ; CodeEntry:u_code_entry|ModeChangeDetector:mode_change_detector_inst|previous_mode[0]      ;
; -0.500 ; 0.500        ; 1.000          ; Low Pulse Width  ; clk   ; Rise       ; CodeEntry:u_code_entry|ModeChangeDetector:mode_change_detector_inst|previous_mode[0]      ;
; -0.500 ; 0.500        ; 1.000          ; High Pulse Width ; clk   ; Rise       ; CodeEntry:u_code_entry|ModeChangeDetector:mode_change_detector_inst|previous_mode[1]      ;
; -0.500 ; 0.500        ; 1.000          ; Low Pulse Width  ; clk   ; Rise       ; CodeEntry:u_code_entry|ModeChangeDetector:mode_change_detector_inst|previous_mode[1]      ;
; -0.500 ; 0.500        ; 1.000          ; High Pulse Width ; clk   ; Rise       ; CodeEntry:u_code_entry|SinglePulse:single_pulse_inst|pulse                                ;
; -0.500 ; 0.500        ; 1.000          ; Low Pulse Width  ; clk   ; Rise       ; CodeEntry:u_code_entry|SinglePulse:single_pulse_inst|pulse                                ;
; -0.500 ; 0.500        ; 1.000          ; High Pulse Width ; clk   ; Rise       ; CodeEntry:u_code_entry|SinglePulse:single_pulse_inst|trigger_d                            ;
; -0.500 ; 0.500        ; 1.000          ; Low Pulse Width  ; clk   ; Rise       ; CodeEntry:u_code_entry|SinglePulse:single_pulse_inst|trigger_d                            ;
; -0.500 ; 0.500        ; 1.000          ; High Pulse Width ; clk   ; Rise       ; CodeEntry:u_code_entry|UpDownCounterWrap:up_down_counter_inst|count[0]                    ;
; -0.500 ; 0.500        ; 1.000          ; Low Pulse Width  ; clk   ; Rise       ; CodeEntry:u_code_entry|UpDownCounterWrap:up_down_counter_inst|count[0]                    ;
; -0.500 ; 0.500        ; 1.000          ; High Pulse Width ; clk   ; Rise       ; CodeEntry:u_code_entry|UpDownCounterWrap:up_down_counter_inst|count[1]                    ;
; -0.500 ; 0.500        ; 1.000          ; Low Pulse Width  ; clk   ; Rise       ; CodeEntry:u_code_entry|UpDownCounterWrap:up_down_counter_inst|count[1]                    ;
; -0.500 ; 0.500        ; 1.000          ; High Pulse Width ; clk   ; Rise       ; CodeEntry:u_code_entry|UpDownCounterWrap:up_down_counter_inst|count[2]                    ;
; -0.500 ; 0.500        ; 1.000          ; Low Pulse Width  ; clk   ; Rise       ; CodeEntry:u_code_entry|UpDownCounterWrap:up_down_counter_inst|count[2]                    ;
; -0.500 ; 0.500        ; 1.000          ; High Pulse Width ; clk   ; Rise       ; CodeEntry:u_code_entry|UpDownCounterWrap:up_down_counter_inst|count[3]                    ;
; -0.500 ; 0.500        ; 1.000          ; Low Pulse Width  ; clk   ; Rise       ; CodeEntry:u_code_entry|UpDownCounterWrap:up_down_counter_inst|count[3]                    ;
; -0.500 ; 0.500        ; 1.000          ; High Pulse Width ; clk   ; Rise       ; ModeController:u_mode_controller|state.LOCKED                                             ;
; -0.500 ; 0.500        ; 1.000          ; Low Pulse Width  ; clk   ; Rise       ; ModeController:u_mode_controller|state.LOCKED                                             ;
; -0.500 ; 0.500        ; 1.000          ; High Pulse Width ; clk   ; Rise       ; ModeController:u_mode_controller|state.UNLOCKED                                           ;
; -0.500 ; 0.500        ; 1.000          ; Low Pulse Width  ; clk   ; Rise       ; ModeController:u_mode_controller|state.UNLOCKED                                           ;
; -0.500 ; 0.500        ; 1.000          ; High Pulse Width ; clk   ; Rise       ; ModeController:u_mode_controller|state.UNLOCKED_PROGRAMMING                               ;
; -0.500 ; 0.500        ; 1.000          ; Low Pulse Width  ; clk   ; Rise       ; ModeController:u_mode_controller|state.UNLOCKED_PROGRAMMING                               ;
; 0.500  ; 0.500        ; 0.000          ; High Pulse Width ; clk   ; Rise       ; clk|combout                                                                               ;
; 0.500  ; 0.500        ; 0.000          ; Low Pulse Width  ; clk   ; Rise       ; clk|combout                                                                               ;
; 0.500  ; 0.500        ; 0.000          ; High Pulse Width ; clk   ; Rise       ; clk~clkctrl|inclk[0]                                                                      ;
+--------+--------------+----------------+------------------+-------+------------+-------------------------------------------------------------------------------------------+


+-------------------------------------------------------------------------+
; Setup Times                                                             ;
+-----------+------------+--------+--------+------------+-----------------+
; Data Port ; Clock Port ; Rise   ; Fall   ; Clock Edge ; Clock Reference ;
+-----------+------------+--------+--------+------------+-----------------+
; keya      ; clk        ; 0.671  ; 0.671  ; Rise       ; clk             ;
; keyb      ; clk        ; 4.284  ; 4.284  ; Rise       ; clk             ;
; keyc      ; clk        ; 4.472  ; 4.472  ; Rise       ; clk             ;
; keyd      ; clk        ; 3.153  ; 3.153  ; Rise       ; clk             ;
; swm       ; clk        ; -0.255 ; -0.255 ; Rise       ; clk             ;
+-----------+------------+--------+--------+------------+-----------------+


+-------------------------------------------------------------------------+
; Hold Times                                                              ;
+-----------+------------+--------+--------+------------+-----------------+
; Data Port ; Clock Port ; Rise   ; Fall   ; Clock Edge ; Clock Reference ;
+-----------+------------+--------+--------+------------+-----------------+
; keya      ; clk        ; 0.929  ; 0.929  ; Rise       ; clk             ;
; keyb      ; clk        ; -2.921 ; -2.921 ; Rise       ; clk             ;
; keyc      ; clk        ; -3.042 ; -3.042 ; Rise       ; clk             ;
; keyd      ; clk        ; -2.922 ; -2.922 ; Rise       ; clk             ;
; swm       ; clk        ; 0.836  ; 0.836  ; Rise       ; clk             ;
+-----------+------------+--------+--------+------------+-----------------+


+-----------------------------------------------------------------------+
; Clock to Output Times                                                 ;
+-----------+------------+-------+-------+------------+-----------------+
; Data Port ; Clock Port ; Rise  ; Fall  ; Clock Edge ; Clock Reference ;
+-----------+------------+-------+-------+------------+-----------------+
; gledx     ; clk        ; 6.369 ; 6.369 ; Rise       ; clk             ;
; rledx     ; clk        ; 6.592 ; 6.592 ; Rise       ; clk             ;
+-----------+------------+-------+-------+------------+-----------------+


+-----------------------------------------------------------------------+
; Minimum Clock to Output Times                                         ;
+-----------+------------+-------+-------+------------+-----------------+
; Data Port ; Clock Port ; Rise  ; Fall  ; Clock Edge ; Clock Reference ;
+-----------+------------+-------+-------+------------+-----------------+
; gledx     ; clk        ; 6.369 ; 6.369 ; Rise       ; clk             ;
; rledx     ; clk        ; 6.592 ; 6.592 ; Rise       ; clk             ;
+-----------+------------+-------+-------+------------+-----------------+


+--------------------------------+
; Fast Model Setup Summary       ;
+-------+--------+---------------+
; Clock ; Slack  ; End Point TNS ;
+-------+--------+---------------+
; clk   ; -0.202 ; -1.847        ;
+-------+--------+---------------+


+-------------------------------+
; Fast Model Hold Summary       ;
+-------+-------+---------------+
; Clock ; Slack ; End Point TNS ;
+-------+-------+---------------+
; clk   ; 0.215 ; 0.000         ;
+-------+-------+---------------+


+--------------------------------+
; Fast Model Recovery Summary    ;
+-------+--------+---------------+
; Clock ; Slack  ; End Point TNS ;
+-------+--------+---------------+
; clk   ; -0.061 ; -0.244        ;
+-------+--------+---------------+


+-------------------------------+
; Fast Model Removal Summary    ;
+-------+-------+---------------+
; Clock ; Slack ; End Point TNS ;
+-------+-------+---------------+
; clk   ; 0.739 ; 0.000         ;
+-------+-------+---------------+


+----------------------------------------+
; Fast Model Minimum Pulse Width Summary ;
+-------+--------+-----------------------+
; Clock ; Slack  ; End Point TNS         ;
+-------+--------+-----------------------+
; clk   ; -1.380 ; -49.380               ;
+-------+--------+-----------------------+


+----------------------------------------------------------------------------------------------------------------------------------------------------------------------------------------------------------------------------------------------------------------------+
; Fast Model Setup: 'clk'                                                                                                                                                                                                                                              ;
+--------+-------------------------------------------------------------------------------------------+-------------------------------------------------------------------------------------------+--------------+-------------+--------------+------------+------------+
; Slack  ; From Node                                                                                 ; To Node                                                                                   ; Launch Clock ; Latch Clock ; Relationship ; Clock Skew ; Data Delay ;
+--------+-------------------------------------------------------------------------------------------+-------------------------------------------------------------------------------------------+--------------+-------------+--------------+------------+------------+
; -0.202 ; CodeEntry:u_code_entry|CodeShiftRegister:code_shift_register_inst|code[10]                ; CodeControl:u_code_control|UnlockLogic:unlock_logic_inst|unlock                           ; clk          ; clk         ; 1.000        ; -0.025     ; 1.209      ;
; -0.192 ; CodeEntry:u_code_entry|CodeShiftRegister:code_shift_register_inst|code[6]                 ; CodeControl:u_code_control|UnlockLogic:unlock_logic_inst|unlock                           ; clk          ; clk         ; 1.000        ; -0.025     ; 1.199      ;
; -0.178 ; CodeEntry:u_code_entry|CodeShiftRegister:code_shift_register_inst|code[15]                ; CodeControl:u_code_control|UnlockLogic:unlock_logic_inst|unlock                           ; clk          ; clk         ; 1.000        ; 0.000      ; 1.210      ;
; -0.161 ; CodeControl:u_code_control|CurrentCodeRegistry:current_code_registry_inst|stored_code[14] ; CodeControl:u_code_control|UnlockLogic:unlock_logic_inst|unlock                           ; clk          ; clk         ; 1.000        ; 0.000      ; 1.193      ;
; -0.158 ; ModeController:u_mode_controller|state.UNLOCKED                                           ; CodeControl:u_code_control|CurrentCodeRegistry:current_code_registry_inst|stored_code[13] ; clk          ; clk         ; 1.000        ; -0.025     ; 1.165      ;
; -0.158 ; ModeController:u_mode_controller|state.UNLOCKED                                           ; CodeControl:u_code_control|CurrentCodeRegistry:current_code_registry_inst|stored_code[15] ; clk          ; clk         ; 1.000        ; -0.025     ; 1.165      ;
; -0.158 ; ModeController:u_mode_controller|state.UNLOCKED                                           ; CodeControl:u_code_control|CurrentCodeRegistry:current_code_registry_inst|stored_code[14] ; clk          ; clk         ; 1.000        ; -0.025     ; 1.165      ;
; -0.111 ; CodeControl:u_code_control|CurrentCodeRegistry:current_code_registry_inst|stored_code[13] ; CodeControl:u_code_control|UnlockLogic:unlock_logic_inst|unlock                           ; clk          ; clk         ; 1.000        ; 0.000      ; 1.143      ;
; -0.111 ; CodeEntry:u_code_entry|CodeShiftRegister:code_shift_register_inst|code[2]                 ; CodeControl:u_code_control|UnlockLogic:unlock_logic_inst|unlock                           ; clk          ; clk         ; 1.000        ; -0.024     ; 1.119      ;
; -0.104 ; CodeEntry:u_code_entry|CodeShiftRegister:code_shift_register_inst|code[12]                ; CodeControl:u_code_control|UnlockLogic:unlock_logic_inst|unlock                           ; clk          ; clk         ; 1.000        ; 0.000      ; 1.136      ;
; -0.102 ; ModeController:u_mode_controller|state.UNLOCKED_PROGRAMMING                               ; CodeControl:u_code_control|CurrentCodeRegistry:current_code_registry_inst|stored_code[13] ; clk          ; clk         ; 1.000        ; -0.025     ; 1.109      ;
; -0.102 ; ModeController:u_mode_controller|state.UNLOCKED_PROGRAMMING                               ; CodeControl:u_code_control|CurrentCodeRegistry:current_code_registry_inst|stored_code[15] ; clk          ; clk         ; 1.000        ; -0.025     ; 1.109      ;
; -0.102 ; ModeController:u_mode_controller|state.UNLOCKED_PROGRAMMING                               ; CodeControl:u_code_control|CurrentCodeRegistry:current_code_registry_inst|stored_code[14] ; clk          ; clk         ; 1.000        ; -0.025     ; 1.109      ;
; -0.078 ; CodeEntry:u_code_entry|CodeShiftRegister:code_shift_register_inst|code[7]                 ; CodeControl:u_code_control|UnlockLogic:unlock_logic_inst|unlock                           ; clk          ; clk         ; 1.000        ; -0.025     ; 1.085      ;
; -0.075 ; CodeEntry:u_code_entry|CodeShiftRegister:code_shift_register_inst|code[8]                 ; CodeControl:u_code_control|UnlockLogic:unlock_logic_inst|unlock                           ; clk          ; clk         ; 1.000        ; -0.025     ; 1.082      ;
; -0.074 ; CodeControl:u_code_control|CurrentCodeRegistry:current_code_registry_inst|stored_code[11] ; CodeControl:u_code_control|UnlockLogic:unlock_logic_inst|unlock                           ; clk          ; clk         ; 1.000        ; 0.000      ; 1.106      ;
; -0.072 ; CodeEntry:u_code_entry|CodeShiftRegister:code_shift_register_inst|code[11]                ; CodeControl:u_code_control|UnlockLogic:unlock_logic_inst|unlock                           ; clk          ; clk         ; 1.000        ; -0.025     ; 1.079      ;
; -0.066 ; CodeEntry:u_code_entry|CodeShiftRegister:code_shift_register_inst|segment[0]              ; CodeEntry:u_code_entry|CodeShiftRegister:code_shift_register_inst|code[13]                ; clk          ; clk         ; 1.000        ; -0.025     ; 1.073      ;
; -0.066 ; CodeEntry:u_code_entry|CodeShiftRegister:code_shift_register_inst|segment[0]              ; CodeEntry:u_code_entry|CodeShiftRegister:code_shift_register_inst|code[12]                ; clk          ; clk         ; 1.000        ; -0.025     ; 1.073      ;
; -0.066 ; CodeEntry:u_code_entry|CodeShiftRegister:code_shift_register_inst|segment[0]              ; CodeEntry:u_code_entry|CodeShiftRegister:code_shift_register_inst|code[14]                ; clk          ; clk         ; 1.000        ; -0.025     ; 1.073      ;
; -0.066 ; CodeEntry:u_code_entry|CodeShiftRegister:code_shift_register_inst|segment[0]              ; CodeEntry:u_code_entry|CodeShiftRegister:code_shift_register_inst|code[15]                ; clk          ; clk         ; 1.000        ; -0.025     ; 1.073      ;
; -0.066 ; CodeEntry:u_code_entry|CodeShiftRegister:code_shift_register_inst|code[5]                 ; CodeControl:u_code_control|UnlockLogic:unlock_logic_inst|unlock                           ; clk          ; clk         ; 1.000        ; -0.025     ; 1.073      ;
; -0.063 ; ModeController:u_mode_controller|state.UNLOCKED                                           ; CodeControl:u_code_control|CurrentCodeRegistry:current_code_registry_inst|stored_code[1]  ; clk          ; clk         ; 1.000        ; -0.025     ; 1.070      ;
; -0.063 ; ModeController:u_mode_controller|state.UNLOCKED                                           ; CodeControl:u_code_control|CurrentCodeRegistry:current_code_registry_inst|stored_code[0]  ; clk          ; clk         ; 1.000        ; -0.025     ; 1.070      ;
; -0.063 ; ModeController:u_mode_controller|state.UNLOCKED                                           ; CodeControl:u_code_control|CurrentCodeRegistry:current_code_registry_inst|stored_code[2]  ; clk          ; clk         ; 1.000        ; -0.025     ; 1.070      ;
; -0.063 ; ModeController:u_mode_controller|state.UNLOCKED                                           ; CodeControl:u_code_control|CurrentCodeRegistry:current_code_registry_inst|stored_code[3]  ; clk          ; clk         ; 1.000        ; -0.025     ; 1.070      ;
; -0.063 ; ModeController:u_mode_controller|state.UNLOCKED                                           ; CodeControl:u_code_control|CurrentCodeRegistry:current_code_registry_inst|stored_code[5]  ; clk          ; clk         ; 1.000        ; -0.025     ; 1.070      ;
; -0.063 ; ModeController:u_mode_controller|state.UNLOCKED                                           ; CodeControl:u_code_control|CurrentCodeRegistry:current_code_registry_inst|stored_code[4]  ; clk          ; clk         ; 1.000        ; -0.025     ; 1.070      ;
; -0.063 ; ModeController:u_mode_controller|state.UNLOCKED                                           ; CodeControl:u_code_control|CurrentCodeRegistry:current_code_registry_inst|stored_code[7]  ; clk          ; clk         ; 1.000        ; -0.025     ; 1.070      ;
; -0.063 ; ModeController:u_mode_controller|state.UNLOCKED                                           ; CodeControl:u_code_control|CurrentCodeRegistry:current_code_registry_inst|stored_code[6]  ; clk          ; clk         ; 1.000        ; -0.025     ; 1.070      ;
; -0.063 ; ModeController:u_mode_controller|state.UNLOCKED                                           ; CodeControl:u_code_control|CurrentCodeRegistry:current_code_registry_inst|stored_code[8]  ; clk          ; clk         ; 1.000        ; -0.025     ; 1.070      ;
; -0.063 ; ModeController:u_mode_controller|state.UNLOCKED                                           ; CodeControl:u_code_control|CurrentCodeRegistry:current_code_registry_inst|stored_code[9]  ; clk          ; clk         ; 1.000        ; -0.025     ; 1.070      ;
; -0.063 ; ModeController:u_mode_controller|state.UNLOCKED                                           ; CodeControl:u_code_control|CurrentCodeRegistry:current_code_registry_inst|stored_code[12] ; clk          ; clk         ; 1.000        ; -0.025     ; 1.070      ;
; -0.063 ; ModeController:u_mode_controller|state.UNLOCKED                                           ; CodeControl:u_code_control|CurrentCodeRegistry:current_code_registry_inst|stored_code[10] ; clk          ; clk         ; 1.000        ; -0.025     ; 1.070      ;
; -0.063 ; ModeController:u_mode_controller|state.UNLOCKED                                           ; CodeControl:u_code_control|CurrentCodeRegistry:current_code_registry_inst|stored_code[11] ; clk          ; clk         ; 1.000        ; -0.025     ; 1.070      ;
; -0.044 ; CodeEntry:u_code_entry|CodeShiftRegister:code_shift_register_inst|code[14]                ; CodeControl:u_code_control|UnlockLogic:unlock_logic_inst|unlock                           ; clk          ; clk         ; 1.000        ; 0.000      ; 1.076      ;
; -0.035 ; CodeEntry:u_code_entry|CodeShiftRegister:code_shift_register_inst|code[1]                 ; CodeControl:u_code_control|UnlockLogic:unlock_logic_inst|unlock                           ; clk          ; clk         ; 1.000        ; -0.024     ; 1.043      ;
; -0.018 ; CodeControl:u_code_control|CurrentCodeRegistry:current_code_registry_inst|stored_code[15] ; CodeControl:u_code_control|UnlockLogic:unlock_logic_inst|unlock                           ; clk          ; clk         ; 1.000        ; 0.000      ; 1.050      ;
; -0.016 ; CodeEntry:u_code_entry|CodeShiftRegister:code_shift_register_inst|segment[0]              ; CodeEntry:u_code_entry|CodeShiftRegister:code_shift_register_inst|code[0]                 ; clk          ; clk         ; 1.000        ; -0.001     ; 1.047      ;
; -0.016 ; CodeEntry:u_code_entry|CodeShiftRegister:code_shift_register_inst|segment[0]              ; CodeEntry:u_code_entry|CodeShiftRegister:code_shift_register_inst|code[1]                 ; clk          ; clk         ; 1.000        ; -0.001     ; 1.047      ;
; -0.016 ; CodeEntry:u_code_entry|CodeShiftRegister:code_shift_register_inst|segment[0]              ; CodeEntry:u_code_entry|CodeShiftRegister:code_shift_register_inst|code[3]                 ; clk          ; clk         ; 1.000        ; -0.001     ; 1.047      ;
; -0.016 ; CodeEntry:u_code_entry|CodeShiftRegister:code_shift_register_inst|segment[0]              ; CodeEntry:u_code_entry|CodeShiftRegister:code_shift_register_inst|code[2]                 ; clk          ; clk         ; 1.000        ; -0.001     ; 1.047      ;
; -0.013 ; CodeEntry:u_code_entry|CodeShiftRegister:code_shift_register_inst|segment[1]              ; CodeEntry:u_code_entry|CodeShiftRegister:code_shift_register_inst|code[13]                ; clk          ; clk         ; 1.000        ; -0.025     ; 1.020      ;
; -0.013 ; CodeEntry:u_code_entry|CodeShiftRegister:code_shift_register_inst|segment[1]              ; CodeEntry:u_code_entry|CodeShiftRegister:code_shift_register_inst|code[12]                ; clk          ; clk         ; 1.000        ; -0.025     ; 1.020      ;
; -0.013 ; CodeEntry:u_code_entry|CodeShiftRegister:code_shift_register_inst|segment[1]              ; CodeEntry:u_code_entry|CodeShiftRegister:code_shift_register_inst|code[14]                ; clk          ; clk         ; 1.000        ; -0.025     ; 1.020      ;
; -0.013 ; CodeEntry:u_code_entry|CodeShiftRegister:code_shift_register_inst|segment[1]              ; CodeEntry:u_code_entry|CodeShiftRegister:code_shift_register_inst|code[15]                ; clk          ; clk         ; 1.000        ; -0.025     ; 1.020      ;
; -0.009 ; ModeController:u_mode_controller|state.UNLOCKED_PROGRAMMING                               ; CodeControl:u_code_control|UnlockLogic:unlock_logic_inst|unlock                           ; clk          ; clk         ; 1.000        ; -0.025     ; 1.016      ;
; -0.007 ; ModeController:u_mode_controller|state.UNLOCKED_PROGRAMMING                               ; CodeControl:u_code_control|CurrentCodeRegistry:current_code_registry_inst|stored_code[1]  ; clk          ; clk         ; 1.000        ; -0.025     ; 1.014      ;
; -0.007 ; ModeController:u_mode_controller|state.UNLOCKED_PROGRAMMING                               ; CodeControl:u_code_control|CurrentCodeRegistry:current_code_registry_inst|stored_code[0]  ; clk          ; clk         ; 1.000        ; -0.025     ; 1.014      ;
; -0.007 ; ModeController:u_mode_controller|state.UNLOCKED_PROGRAMMING                               ; CodeControl:u_code_control|CurrentCodeRegistry:current_code_registry_inst|stored_code[2]  ; clk          ; clk         ; 1.000        ; -0.025     ; 1.014      ;
; -0.007 ; ModeController:u_mode_controller|state.UNLOCKED_PROGRAMMING                               ; CodeControl:u_code_control|CurrentCodeRegistry:current_code_registry_inst|stored_code[3]  ; clk          ; clk         ; 1.000        ; -0.025     ; 1.014      ;
; -0.007 ; ModeController:u_mode_controller|state.UNLOCKED_PROGRAMMING                               ; CodeControl:u_code_control|CurrentCodeRegistry:current_code_registry_inst|stored_code[5]  ; clk          ; clk         ; 1.000        ; -0.025     ; 1.014      ;
; -0.007 ; ModeController:u_mode_controller|state.UNLOCKED_PROGRAMMING                               ; CodeControl:u_code_control|CurrentCodeRegistry:current_code_registry_inst|stored_code[4]  ; clk          ; clk         ; 1.000        ; -0.025     ; 1.014      ;
; -0.007 ; ModeController:u_mode_controller|state.UNLOCKED_PROGRAMMING                               ; CodeControl:u_code_control|CurrentCodeRegistry:current_code_registry_inst|stored_code[7]  ; clk          ; clk         ; 1.000        ; -0.025     ; 1.014      ;
; -0.007 ; ModeController:u_mode_controller|state.UNLOCKED_PROGRAMMING                               ; CodeControl:u_code_control|CurrentCodeRegistry:current_code_registry_inst|stored_code[6]  ; clk          ; clk         ; 1.000        ; -0.025     ; 1.014      ;
; -0.007 ; ModeController:u_mode_controller|state.UNLOCKED_PROGRAMMING                               ; CodeControl:u_code_control|CurrentCodeRegistry:current_code_registry_inst|stored_code[8]  ; clk          ; clk         ; 1.000        ; -0.025     ; 1.014      ;
; -0.007 ; ModeController:u_mode_controller|state.UNLOCKED_PROGRAMMING                               ; CodeControl:u_code_control|CurrentCodeRegistry:current_code_registry_inst|stored_code[9]  ; clk          ; clk         ; 1.000        ; -0.025     ; 1.014      ;
; -0.007 ; ModeController:u_mode_controller|state.UNLOCKED_PROGRAMMING                               ; CodeControl:u_code_control|CurrentCodeRegistry:current_code_registry_inst|stored_code[12] ; clk          ; clk         ; 1.000        ; -0.025     ; 1.014      ;
; -0.007 ; ModeController:u_mode_controller|state.UNLOCKED_PROGRAMMING                               ; CodeControl:u_code_control|CurrentCodeRegistry:current_code_registry_inst|stored_code[10] ; clk          ; clk         ; 1.000        ; -0.025     ; 1.014      ;
; -0.007 ; ModeController:u_mode_controller|state.UNLOCKED_PROGRAMMING                               ; CodeControl:u_code_control|CurrentCodeRegistry:current_code_registry_inst|stored_code[11] ; clk          ; clk         ; 1.000        ; -0.025     ; 1.014      ;
; -0.007 ; CodeEntry:u_code_entry|CodeShiftRegister:code_shift_register_inst|segment[1]              ; CodeEntry:u_code_entry|CodeShiftRegister:code_shift_register_inst|code[0]                 ; clk          ; clk         ; 1.000        ; -0.001     ; 1.038      ;
; -0.007 ; CodeEntry:u_code_entry|CodeShiftRegister:code_shift_register_inst|segment[1]              ; CodeEntry:u_code_entry|CodeShiftRegister:code_shift_register_inst|code[1]                 ; clk          ; clk         ; 1.000        ; -0.001     ; 1.038      ;
; -0.007 ; CodeEntry:u_code_entry|CodeShiftRegister:code_shift_register_inst|segment[1]              ; CodeEntry:u_code_entry|CodeShiftRegister:code_shift_register_inst|code[3]                 ; clk          ; clk         ; 1.000        ; -0.001     ; 1.038      ;
; -0.007 ; CodeEntry:u_code_entry|CodeShiftRegister:code_shift_register_inst|segment[1]              ; CodeEntry:u_code_entry|CodeShiftRegister:code_shift_register_inst|code[2]                 ; clk          ; clk         ; 1.000        ; -0.001     ; 1.038      ;
; -0.006 ; CodeEntry:u_code_entry|CodeShiftRegister:code_shift_register_inst|segment[0]              ; CodeEntry:u_code_entry|CodeShiftRegister:code_shift_register_inst|code[9]                 ; clk          ; clk         ; 1.000        ; 0.000      ; 1.038      ;
; -0.006 ; CodeEntry:u_code_entry|CodeShiftRegister:code_shift_register_inst|segment[0]              ; CodeEntry:u_code_entry|CodeShiftRegister:code_shift_register_inst|code[8]                 ; clk          ; clk         ; 1.000        ; 0.000      ; 1.038      ;
; -0.006 ; CodeEntry:u_code_entry|CodeShiftRegister:code_shift_register_inst|segment[0]              ; CodeEntry:u_code_entry|CodeShiftRegister:code_shift_register_inst|code[11]                ; clk          ; clk         ; 1.000        ; 0.000      ; 1.038      ;
; -0.006 ; CodeEntry:u_code_entry|CodeShiftRegister:code_shift_register_inst|segment[0]              ; CodeEntry:u_code_entry|CodeShiftRegister:code_shift_register_inst|code[10]                ; clk          ; clk         ; 1.000        ; 0.000      ; 1.038      ;
; 0.000  ; CodeEntry:u_code_entry|CodeShiftRegister:code_shift_register_inst|segment[0]              ; CodeEntry:u_code_entry|CodeShiftRegister:code_shift_register_inst|code[4]                 ; clk          ; clk         ; 1.000        ; 0.000      ; 1.032      ;
; 0.000  ; CodeEntry:u_code_entry|CodeShiftRegister:code_shift_register_inst|segment[0]              ; CodeEntry:u_code_entry|CodeShiftRegister:code_shift_register_inst|code[5]                 ; clk          ; clk         ; 1.000        ; 0.000      ; 1.032      ;
; 0.000  ; CodeEntry:u_code_entry|CodeShiftRegister:code_shift_register_inst|segment[0]              ; CodeEntry:u_code_entry|CodeShiftRegister:code_shift_register_inst|code[7]                 ; clk          ; clk         ; 1.000        ; 0.000      ; 1.032      ;
; 0.000  ; CodeEntry:u_code_entry|CodeShiftRegister:code_shift_register_inst|segment[0]              ; CodeEntry:u_code_entry|CodeShiftRegister:code_shift_register_inst|code[6]                 ; clk          ; clk         ; 1.000        ; 0.000      ; 1.032      ;
; 0.005  ; CodeEntry:u_code_entry|CodeShiftRegister:code_shift_register_inst|code[3]                 ; CodeControl:u_code_control|UnlockLogic:unlock_logic_inst|unlock                           ; clk          ; clk         ; 1.000        ; -0.024     ; 1.003      ;
; 0.019  ; CodeEntry:u_code_entry|CodeShiftRegister:code_shift_register_inst|code[13]                ; CodeControl:u_code_control|UnlockLogic:unlock_logic_inst|unlock                           ; clk          ; clk         ; 1.000        ; 0.000      ; 1.013      ;
; 0.036  ; CodeControl:u_code_control|CurrentCodeRegistry:current_code_registry_inst|stored_code[9]  ; CodeControl:u_code_control|UnlockLogic:unlock_logic_inst|unlock                           ; clk          ; clk         ; 1.000        ; 0.000      ; 0.996      ;
; 0.039  ; ModeController:u_mode_controller|state.UNLOCKED                                           ; CodeControl:u_code_control|UnlockLogic:unlock_logic_inst|unlock                           ; clk          ; clk         ; 1.000        ; -0.025     ; 0.968      ;
; 0.043  ; ModeController:u_mode_controller|state.UNLOCKED_PROGRAMMING                               ; CodeEntry:u_code_entry|ModeChangeDetector:mode_change_detector_inst|previous_mode[1]      ; clk          ; clk         ; 1.000        ; 0.000      ; 0.989      ;
; 0.043  ; ModeController:u_mode_controller|state.UNLOCKED_PROGRAMMING                               ; CodeEntry:u_code_entry|ModeChangeDetector:mode_change_detector_inst|previous_mode[0]      ; clk          ; clk         ; 1.000        ; 0.000      ; 0.989      ;
; 0.049  ; CodeEntry:u_code_entry|CodeShiftRegister:code_shift_register_inst|code[9]                 ; CodeControl:u_code_control|UnlockLogic:unlock_logic_inst|unlock                           ; clk          ; clk         ; 1.000        ; -0.025     ; 0.958      ;
; 0.053  ; CodeEntry:u_code_entry|CodeShiftRegister:code_shift_register_inst|code[4]                 ; CodeControl:u_code_control|UnlockLogic:unlock_logic_inst|unlock                           ; clk          ; clk         ; 1.000        ; -0.025     ; 0.954      ;
; 0.063  ; CodeControl:u_code_control|CurrentCodeRegistry:current_code_registry_inst|stored_code[4]  ; CodeControl:u_code_control|UnlockLogic:unlock_logic_inst|unlock                           ; clk          ; clk         ; 1.000        ; 0.000      ; 0.969      ;
; 0.069  ; CodeEntry:u_code_entry|CodeShiftRegister:code_shift_register_inst|code[0]                 ; CodeControl:u_code_control|UnlockLogic:unlock_logic_inst|unlock                           ; clk          ; clk         ; 1.000        ; -0.024     ; 0.939      ;
; 0.075  ; CodeControl:u_code_control|CurrentCodeRegistry:current_code_registry_inst|stored_code[10] ; CodeControl:u_code_control|UnlockLogic:unlock_logic_inst|unlock                           ; clk          ; clk         ; 1.000        ; 0.000      ; 0.957      ;
; 0.082  ; CodeEntry:u_code_entry|ModeChangeDetector:mode_change_detector_inst|previous_mode[0]      ; CodeEntry:u_code_entry|ModeChangeDetector:mode_change_detector_inst|previous_mode[1]      ; clk          ; clk         ; 1.000        ; 0.000      ; 0.950      ;
; 0.082  ; CodeEntry:u_code_entry|ModeChangeDetector:mode_change_detector_inst|previous_mode[0]      ; CodeEntry:u_code_entry|ModeChangeDetector:mode_change_detector_inst|previous_mode[0]      ; clk          ; clk         ; 1.000        ; 0.000      ; 0.950      ;
; 0.094  ; ModeController:u_mode_controller|state.UNLOCKED                                           ; CodeEntry:u_code_entry|ModeChangeDetector:mode_change_detector_inst|previous_mode[1]      ; clk          ; clk         ; 1.000        ; 0.000      ; 0.938      ;
; 0.094  ; ModeController:u_mode_controller|state.UNLOCKED                                           ; CodeEntry:u_code_entry|ModeChangeDetector:mode_change_detector_inst|previous_mode[0]      ; clk          ; clk         ; 1.000        ; 0.000      ; 0.938      ;
; 0.098  ; CodeControl:u_code_control|CurrentCodeRegistry:current_code_registry_inst|stored_code[3]  ; CodeControl:u_code_control|UnlockLogic:unlock_logic_inst|unlock                           ; clk          ; clk         ; 1.000        ; 0.000      ; 0.934      ;
; 0.115  ; CodeEntry:u_code_entry|CodeShiftRegister:code_shift_register_inst|segment[1]              ; CodeEntry:u_code_entry|CodeShiftRegister:code_shift_register_inst|code[9]                 ; clk          ; clk         ; 1.000        ; 0.000      ; 0.917      ;
; 0.115  ; CodeEntry:u_code_entry|CodeShiftRegister:code_shift_register_inst|segment[1]              ; CodeEntry:u_code_entry|CodeShiftRegister:code_shift_register_inst|code[8]                 ; clk          ; clk         ; 1.000        ; 0.000      ; 0.917      ;
; 0.115  ; CodeEntry:u_code_entry|CodeShiftRegister:code_shift_register_inst|segment[1]              ; CodeEntry:u_code_entry|CodeShiftRegister:code_shift_register_inst|code[11]                ; clk          ; clk         ; 1.000        ; 0.000      ; 0.917      ;
; 0.115  ; CodeEntry:u_code_entry|CodeShiftRegister:code_shift_register_inst|segment[1]              ; CodeEntry:u_code_entry|CodeShiftRegister:code_shift_register_inst|code[10]                ; clk          ; clk         ; 1.000        ; 0.000      ; 0.917      ;
; 0.118  ; CodeEntry:u_code_entry|CodeShiftRegister:code_shift_register_inst|segment[1]              ; CodeEntry:u_code_entry|CodeShiftRegister:code_shift_register_inst|code[4]                 ; clk          ; clk         ; 1.000        ; 0.000      ; 0.914      ;
; 0.118  ; CodeEntry:u_code_entry|CodeShiftRegister:code_shift_register_inst|segment[1]              ; CodeEntry:u_code_entry|CodeShiftRegister:code_shift_register_inst|code[5]                 ; clk          ; clk         ; 1.000        ; 0.000      ; 0.914      ;
; 0.118  ; CodeEntry:u_code_entry|CodeShiftRegister:code_shift_register_inst|segment[1]              ; CodeEntry:u_code_entry|CodeShiftRegister:code_shift_register_inst|code[7]                 ; clk          ; clk         ; 1.000        ; 0.000      ; 0.914      ;
; 0.118  ; CodeEntry:u_code_entry|CodeShiftRegister:code_shift_register_inst|segment[1]              ; CodeEntry:u_code_entry|CodeShiftRegister:code_shift_register_inst|code[6]                 ; clk          ; clk         ; 1.000        ; 0.000      ; 0.914      ;
; 0.123  ; CodeControl:u_code_control|CurrentCodeRegistry:current_code_registry_inst|stored_code[12] ; CodeControl:u_code_control|UnlockLogic:unlock_logic_inst|unlock                           ; clk          ; clk         ; 1.000        ; 0.000      ; 0.909      ;
; 0.166  ; CodeControl:u_code_control|UnlockLogic:unlock_logic_inst|trigger_validate_d               ; CodeControl:u_code_control|UnlockLogic:unlock_logic_inst|unlock                           ; clk          ; clk         ; 1.000        ; -0.025     ; 0.841      ;
; 0.168  ; CodeControl:u_code_control|CurrentCodeRegistry:current_code_registry_inst|stored_code[0]  ; CodeControl:u_code_control|UnlockLogic:unlock_logic_inst|unlock                           ; clk          ; clk         ; 1.000        ; 0.000      ; 0.864      ;
; 0.171  ; CodeControl:u_code_control|CurrentCodeRegistry:current_code_registry_inst|stored_code[7]  ; CodeControl:u_code_control|UnlockLogic:unlock_logic_inst|unlock                           ; clk          ; clk         ; 1.000        ; 0.000      ; 0.861      ;
+--------+-------------------------------------------------------------------------------------------+-------------------------------------------------------------------------------------------+--------------+-------------+--------------+------------+------------+


+---------------------------------------------------------------------------------------------------------------------------------------------------------------------------------------------------------------------------------------------------------------------+
; Fast Model Hold: 'clk'                                                                                                                                                                                                                                              ;
+-------+-------------------------------------------------------------------------------------------+-------------------------------------------------------------------------------------------+--------------+-------------+--------------+------------+------------+
; Slack ; From Node                                                                                 ; To Node                                                                                   ; Launch Clock ; Latch Clock ; Relationship ; Clock Skew ; Data Delay ;
+-------+-------------------------------------------------------------------------------------------+-------------------------------------------------------------------------------------------+--------------+-------------+--------------+------------+------------+
; 0.215 ; ModeController:u_mode_controller|state.UNLOCKED_PROGRAMMING                               ; ModeController:u_mode_controller|state.UNLOCKED_PROGRAMMING                               ; clk          ; clk         ; 0.000        ; 0.000      ; 0.367      ;
; 0.215 ; CodeEntry:u_code_entry|CodeShiftRegister:code_shift_register_inst|segment[0]              ; CodeEntry:u_code_entry|CodeShiftRegister:code_shift_register_inst|segment[0]              ; clk          ; clk         ; 0.000        ; 0.000      ; 0.367      ;
; 0.215 ; CodeEntry:u_code_entry|CodeShiftRegister:code_shift_register_inst|segment[1]              ; CodeEntry:u_code_entry|CodeShiftRegister:code_shift_register_inst|segment[1]              ; clk          ; clk         ; 0.000        ; 0.000      ; 0.367      ;
; 0.215 ; CodeEntry:u_code_entry|UpDownCounterWrap:up_down_counter_inst|count[0]                    ; CodeEntry:u_code_entry|UpDownCounterWrap:up_down_counter_inst|count[0]                    ; clk          ; clk         ; 0.000        ; 0.000      ; 0.367      ;
; 0.215 ; CodeEntry:u_code_entry|UpDownCounterWrap:up_down_counter_inst|count[2]                    ; CodeEntry:u_code_entry|UpDownCounterWrap:up_down_counter_inst|count[2]                    ; clk          ; clk         ; 0.000        ; 0.000      ; 0.367      ;
; 0.215 ; CodeEntry:u_code_entry|UpDownCounterWrap:up_down_counter_inst|count[3]                    ; CodeEntry:u_code_entry|UpDownCounterWrap:up_down_counter_inst|count[3]                    ; clk          ; clk         ; 0.000        ; 0.000      ; 0.367      ;
; 0.215 ; ModeController:u_mode_controller|state.LOCKED                                             ; ModeController:u_mode_controller|state.LOCKED                                             ; clk          ; clk         ; 0.000        ; 0.000      ; 0.367      ;
; 0.239 ; CodeEntry:u_code_entry|SinglePulse:single_pulse_inst|trigger_d                            ; CodeEntry:u_code_entry|SinglePulse:single_pulse_inst|pulse                                ; clk          ; clk         ; 0.000        ; 0.000      ; 0.391      ;
; 0.241 ; CodeEntry:u_code_entry|CodeShiftRegister:code_shift_register_inst|code[14]                ; CodeControl:u_code_control|CurrentCodeRegistry:current_code_registry_inst|stored_code[14] ; clk          ; clk         ; 0.000        ; 0.000      ; 0.393      ;
; 0.259 ; CodeEntry:u_code_entry|CodeShiftRegister:code_shift_register_inst|code[13]                ; CodeControl:u_code_control|CurrentCodeRegistry:current_code_registry_inst|stored_code[13] ; clk          ; clk         ; 0.000        ; 0.000      ; 0.411      ;
; 0.326 ; CodeEntry:u_code_entry|UpDownCounterWrap:up_down_counter_inst|count[2]                    ; CodeEntry:u_code_entry|CodeShiftRegister:code_shift_register_inst|code[14]                ; clk          ; clk         ; 0.000        ; -0.002     ; 0.476      ;
; 0.331 ; CodeEntry:u_code_entry|CodeShiftRegister:code_shift_register_inst|code[15]                ; CodeControl:u_code_control|CurrentCodeRegistry:current_code_registry_inst|stored_code[15] ; clk          ; clk         ; 0.000        ; 0.000      ; 0.483      ;
; 0.342 ; ModeController:u_mode_controller|state.UNLOCKED                                           ; ModeController:u_mode_controller|state.UNLOCKED_PROGRAMMING                               ; clk          ; clk         ; 0.000        ; 0.000      ; 0.494      ;
; 0.349 ; ModeController:u_mode_controller|state.UNLOCKED                                           ; CodeEntry:u_code_entry|ModeChangeDetector:mode_change_detector_inst|previous_mode[0]      ; clk          ; clk         ; 0.000        ; 0.000      ; 0.501      ;
; 0.354 ; CodeEntry:u_code_entry|CodeShiftRegister:code_shift_register_inst|code[7]                 ; CodeControl:u_code_control|CurrentCodeRegistry:current_code_registry_inst|stored_code[7]  ; clk          ; clk         ; 0.000        ; -0.025     ; 0.481      ;
; 0.355 ; ModeController:u_mode_controller|state.UNLOCKED_PROGRAMMING                               ; CodeEntry:u_code_entry|ModeChangeDetector:mode_change_detector_inst|previous_mode[1]      ; clk          ; clk         ; 0.000        ; 0.000      ; 0.507      ;
; 0.363 ; CodeEntry:u_code_entry|CodeShiftRegister:code_shift_register_inst|code[11]                ; CodeControl:u_code_control|CurrentCodeRegistry:current_code_registry_inst|stored_code[11] ; clk          ; clk         ; 0.000        ; -0.025     ; 0.490      ;
; 0.365 ; CodeEntry:u_code_entry|CodeShiftRegister:code_shift_register_inst|code[9]                 ; CodeControl:u_code_control|CurrentCodeRegistry:current_code_registry_inst|stored_code[9]  ; clk          ; clk         ; 0.000        ; -0.025     ; 0.492      ;
; 0.365 ; CodeEntry:u_code_entry|CodeShiftRegister:code_shift_register_inst|segment[0]              ; CodeEntry:u_code_entry|CodeShiftRegister:code_shift_register_inst|segment[1]              ; clk          ; clk         ; 0.000        ; 0.000      ; 0.517      ;
; 0.395 ; CodeEntry:u_code_entry|CodeShiftRegister:code_shift_register_inst|code[4]                 ; CodeControl:u_code_control|CurrentCodeRegistry:current_code_registry_inst|stored_code[4]  ; clk          ; clk         ; 0.000        ; -0.025     ; 0.522      ;
; 0.409 ; CodeEntry:u_code_entry|CodeShiftRegister:code_shift_register_inst|code[12]                ; CodeControl:u_code_control|CurrentCodeRegistry:current_code_registry_inst|stored_code[12] ; clk          ; clk         ; 0.000        ; 0.000      ; 0.561      ;
; 0.411 ; CodeEntry:u_code_entry|UpDownCounterWrap:up_down_counter_inst|count[3]                    ; CodeEntry:u_code_entry|CodeShiftRegister:code_shift_register_inst|code[15]                ; clk          ; clk         ; 0.000        ; -0.002     ; 0.561      ;
; 0.412 ; CodeEntry:u_code_entry|UpDownCounterWrap:up_down_counter_inst|count[0]                    ; CodeEntry:u_code_entry|CodeShiftRegister:code_shift_register_inst|code[12]                ; clk          ; clk         ; 0.000        ; -0.002     ; 0.562      ;
; 0.421 ; CodeEntry:u_code_entry|UpDownCounterWrap:up_down_counter_inst|count[1]                    ; CodeEntry:u_code_entry|CodeShiftRegister:code_shift_register_inst|code[9]                 ; clk          ; clk         ; 0.000        ; 0.023      ; 0.596      ;
; 0.422 ; CodeEntry:u_code_entry|UpDownCounterWrap:up_down_counter_inst|count[1]                    ; CodeEntry:u_code_entry|CodeShiftRegister:code_shift_register_inst|code[5]                 ; clk          ; clk         ; 0.000        ; 0.023      ; 0.597      ;
; 0.423 ; CodeEntry:u_code_entry|UpDownCounterWrap:up_down_counter_inst|count[0]                    ; CodeEntry:u_code_entry|CodeShiftRegister:code_shift_register_inst|code[8]                 ; clk          ; clk         ; 0.000        ; 0.023      ; 0.598      ;
; 0.424 ; CodeControl:u_code_control|UnlockLogic:unlock_logic_inst|unlock                           ; ModeController:u_mode_controller|state.LOCKED                                             ; clk          ; clk         ; 0.000        ; 0.025      ; 0.601      ;
; 0.425 ; CodeEntry:u_code_entry|UpDownCounterWrap:up_down_counter_inst|count[0]                    ; CodeEntry:u_code_entry|CodeShiftRegister:code_shift_register_inst|code[4]                 ; clk          ; clk         ; 0.000        ; 0.023      ; 0.600      ;
; 0.429 ; CodeEntry:u_code_entry|UpDownCounterWrap:up_down_counter_inst|count[0]                    ; CodeEntry:u_code_entry|UpDownCounterWrap:up_down_counter_inst|count[3]                    ; clk          ; clk         ; 0.000        ; 0.000      ; 0.581      ;
; 0.446 ; CodeEntry:u_code_entry|CodeShiftRegister:code_shift_register_inst|code[5]                 ; CodeControl:u_code_control|CurrentCodeRegistry:current_code_registry_inst|stored_code[5]  ; clk          ; clk         ; 0.000        ; -0.025     ; 0.573      ;
; 0.448 ; CodeEntry:u_code_entry|CodeShiftRegister:code_shift_register_inst|code[10]                ; CodeControl:u_code_control|CurrentCodeRegistry:current_code_registry_inst|stored_code[10] ; clk          ; clk         ; 0.000        ; -0.025     ; 0.575      ;
; 0.449 ; CodeEntry:u_code_entry|UpDownCounterWrap:up_down_counter_inst|count[0]                    ; CodeEntry:u_code_entry|UpDownCounterWrap:up_down_counter_inst|count[1]                    ; clk          ; clk         ; 0.000        ; 0.000      ; 0.601      ;
; 0.453 ; CodeEntry:u_code_entry|CodeShiftRegister:code_shift_register_inst|code[8]                 ; CodeControl:u_code_control|CurrentCodeRegistry:current_code_registry_inst|stored_code[8]  ; clk          ; clk         ; 0.000        ; -0.025     ; 0.580      ;
; 0.463 ; CodeEntry:u_code_entry|UpDownCounterWrap:up_down_counter_inst|count[2]                    ; CodeEntry:u_code_entry|UpDownCounterWrap:up_down_counter_inst|count[3]                    ; clk          ; clk         ; 0.000        ; 0.000      ; 0.615      ;
; 0.471 ; CodeEntry:u_code_entry|ModeChangeDetector:mode_change_detector_inst|previous_mode[1]      ; CodeEntry:u_code_entry|ModeChangeDetector:mode_change_detector_inst|is_mode_change        ; clk          ; clk         ; 0.000        ; 0.000      ; 0.623      ;
; 0.480 ; ModeController:u_mode_controller|state.UNLOCKED_PROGRAMMING                               ; ModeController:u_mode_controller|state.UNLOCKED                                           ; clk          ; clk         ; 0.000        ; 0.000      ; 0.632      ;
; 0.480 ; CodeEntry:u_code_entry|UpDownCounterWrap:up_down_counter_inst|count[1]                    ; CodeEntry:u_code_entry|UpDownCounterWrap:up_down_counter_inst|count[2]                    ; clk          ; clk         ; 0.000        ; 0.000      ; 0.632      ;
; 0.482 ; CodeEntry:u_code_entry|CodeShiftRegister:code_shift_register_inst|code[3]                 ; CodeControl:u_code_control|CurrentCodeRegistry:current_code_registry_inst|stored_code[3]  ; clk          ; clk         ; 0.000        ; -0.024     ; 0.610      ;
; 0.491 ; CodeEntry:u_code_entry|CodeShiftRegister:code_shift_register_inst|code[0]                 ; CodeControl:u_code_control|CurrentCodeRegistry:current_code_registry_inst|stored_code[0]  ; clk          ; clk         ; 0.000        ; -0.024     ; 0.619      ;
; 0.494 ; CodeEntry:u_code_entry|UpDownCounterWrap:up_down_counter_inst|count[1]                    ; CodeEntry:u_code_entry|UpDownCounterWrap:up_down_counter_inst|count[1]                    ; clk          ; clk         ; 0.000        ; 0.000      ; 0.646      ;
; 0.511 ; CodeEntry:u_code_entry|UpDownCounterWrap:up_down_counter_inst|count[3]                    ; CodeEntry:u_code_entry|CodeShiftRegister:code_shift_register_inst|code[3]                 ; clk          ; clk         ; 0.000        ; 0.022      ; 0.685      ;
; 0.514 ; CodeEntry:u_code_entry|UpDownCounterWrap:up_down_counter_inst|count[1]                    ; CodeEntry:u_code_entry|CodeShiftRegister:code_shift_register_inst|code[13]                ; clk          ; clk         ; 0.000        ; -0.002     ; 0.664      ;
; 0.515 ; CodeEntry:u_code_entry|UpDownCounterWrap:up_down_counter_inst|count[1]                    ; CodeEntry:u_code_entry|CodeShiftRegister:code_shift_register_inst|code[1]                 ; clk          ; clk         ; 0.000        ; 0.022      ; 0.689      ;
; 0.515 ; CodeEntry:u_code_entry|UpDownCounterWrap:up_down_counter_inst|count[2]                    ; CodeEntry:u_code_entry|CodeShiftRegister:code_shift_register_inst|code[2]                 ; clk          ; clk         ; 0.000        ; 0.022      ; 0.689      ;
; 0.515 ; CodeEntry:u_code_entry|UpDownCounterWrap:up_down_counter_inst|count[3]                    ; CodeEntry:u_code_entry|CodeShiftRegister:code_shift_register_inst|code[7]                 ; clk          ; clk         ; 0.000        ; 0.023      ; 0.690      ;
; 0.515 ; CodeEntry:u_code_entry|UpDownCounterWrap:up_down_counter_inst|count[3]                    ; CodeEntry:u_code_entry|CodeShiftRegister:code_shift_register_inst|code[11]                ; clk          ; clk         ; 0.000        ; 0.023      ; 0.690      ;
; 0.516 ; CodeEntry:u_code_entry|UpDownCounterWrap:up_down_counter_inst|count[2]                    ; CodeEntry:u_code_entry|CodeShiftRegister:code_shift_register_inst|code[6]                 ; clk          ; clk         ; 0.000        ; 0.023      ; 0.691      ;
; 0.518 ; CodeEntry:u_code_entry|UpDownCounterWrap:up_down_counter_inst|count[2]                    ; CodeEntry:u_code_entry|CodeShiftRegister:code_shift_register_inst|code[10]                ; clk          ; clk         ; 0.000        ; 0.023      ; 0.693      ;
; 0.522 ; ModeController:u_mode_controller|state.LOCKED                                             ; ModeController:u_mode_controller|state.UNLOCKED                                           ; clk          ; clk         ; 0.000        ; 0.000      ; 0.674      ;
; 0.523 ; CodeEntry:u_code_entry|UpDownCounterWrap:up_down_counter_inst|count[0]                    ; CodeEntry:u_code_entry|CodeShiftRegister:code_shift_register_inst|code[0]                 ; clk          ; clk         ; 0.000        ; 0.022      ; 0.697      ;
; 0.542 ; CodeEntry:u_code_entry|UpDownCounterWrap:up_down_counter_inst|count[1]                    ; CodeEntry:u_code_entry|UpDownCounterWrap:up_down_counter_inst|count[3]                    ; clk          ; clk         ; 0.000        ; 0.000      ; 0.694      ;
; 0.545 ; CodeEntry:u_code_entry|CodeShiftRegister:code_shift_register_inst|code[1]                 ; CodeControl:u_code_control|CurrentCodeRegistry:current_code_registry_inst|stored_code[1]  ; clk          ; clk         ; 0.000        ; -0.024     ; 0.673      ;
; 0.546 ; CodeEntry:u_code_entry|CodeShiftRegister:code_shift_register_inst|code[2]                 ; CodeControl:u_code_control|CurrentCodeRegistry:current_code_registry_inst|stored_code[2]  ; clk          ; clk         ; 0.000        ; -0.024     ; 0.674      ;
; 0.552 ; CodeControl:u_code_control|CurrentCodeRegistry:current_code_registry_inst|stored_code[1]  ; CodeControl:u_code_control|UnlockLogic:unlock_logic_inst|unlock                           ; clk          ; clk         ; 0.000        ; 0.000      ; 0.704      ;
; 0.556 ; ModeController:u_mode_controller|state.UNLOCKED                                           ; ModeController:u_mode_controller|state.UNLOCKED                                           ; clk          ; clk         ; 0.000        ; 0.000      ; 0.708      ;
; 0.564 ; CodeEntry:u_code_entry|UpDownCounterWrap:up_down_counter_inst|count[0]                    ; CodeEntry:u_code_entry|UpDownCounterWrap:up_down_counter_inst|count[2]                    ; clk          ; clk         ; 0.000        ; 0.000      ; 0.716      ;
; 0.568 ; CodeEntry:u_code_entry|CodeShiftRegister:code_shift_register_inst|code[6]                 ; CodeControl:u_code_control|CurrentCodeRegistry:current_code_registry_inst|stored_code[6]  ; clk          ; clk         ; 0.000        ; -0.025     ; 0.695      ;
; 0.588 ; CodeControl:u_code_control|UnlockLogic:unlock_logic_inst|unlock                           ; ModeController:u_mode_controller|state.UNLOCKED                                           ; clk          ; clk         ; 0.000        ; 0.025      ; 0.765      ;
; 0.590 ; CodeEntry:u_code_entry|SinglePulse:single_pulse_inst|pulse                                ; CodeEntry:u_code_entry|UpDownCounterWrap:up_down_counter_inst|count[0]                    ; clk          ; clk         ; 0.000        ; -0.002     ; 0.740      ;
; 0.590 ; CodeEntry:u_code_entry|SinglePulse:single_pulse_inst|pulse                                ; CodeEntry:u_code_entry|UpDownCounterWrap:up_down_counter_inst|count[2]                    ; clk          ; clk         ; 0.000        ; -0.002     ; 0.740      ;
; 0.590 ; CodeEntry:u_code_entry|SinglePulse:single_pulse_inst|pulse                                ; CodeEntry:u_code_entry|UpDownCounterWrap:up_down_counter_inst|count[3]                    ; clk          ; clk         ; 0.000        ; -0.002     ; 0.740      ;
; 0.590 ; CodeEntry:u_code_entry|SinglePulse:single_pulse_inst|pulse                                ; CodeEntry:u_code_entry|UpDownCounterWrap:up_down_counter_inst|count[1]                    ; clk          ; clk         ; 0.000        ; -0.002     ; 0.740      ;
; 0.593 ; CodeEntry:u_code_entry|UpDownCounterWrap:up_down_counter_inst|count[3]                    ; CodeEntry:u_code_entry|UpDownCounterWrap:up_down_counter_inst|count[1]                    ; clk          ; clk         ; 0.000        ; 0.000      ; 0.745      ;
; 0.604 ; ModeController:u_mode_controller|state.UNLOCKED                                           ; CodeEntry:u_code_entry|ModeChangeDetector:mode_change_detector_inst|is_mode_change        ; clk          ; clk         ; 0.000        ; 0.000      ; 0.756      ;
; 0.613 ; CodeEntry:u_code_entry|UpDownCounterWrap:up_down_counter_inst|count[2]                    ; CodeEntry:u_code_entry|UpDownCounterWrap:up_down_counter_inst|count[1]                    ; clk          ; clk         ; 0.000        ; 0.000      ; 0.765      ;
; 0.616 ; CodeEntry:u_code_entry|ModeChangeDetector:mode_change_detector_inst|previous_mode[0]      ; CodeEntry:u_code_entry|ModeChangeDetector:mode_change_detector_inst|is_mode_change        ; clk          ; clk         ; 0.000        ; 0.000      ; 0.768      ;
; 0.626 ; CodeControl:u_code_control|CurrentCodeRegistry:current_code_registry_inst|stored_code[2]  ; CodeControl:u_code_control|UnlockLogic:unlock_logic_inst|unlock                           ; clk          ; clk         ; 0.000        ; 0.000      ; 0.778      ;
; 0.653 ; CodeEntry:u_code_entry|ModeChangeDetector:mode_change_detector_inst|previous_mode[1]      ; CodeEntry:u_code_entry|ModeChangeDetector:mode_change_detector_inst|previous_mode[1]      ; clk          ; clk         ; 0.000        ; 0.000      ; 0.805      ;
; 0.653 ; CodeEntry:u_code_entry|ModeChangeDetector:mode_change_detector_inst|previous_mode[1]      ; CodeEntry:u_code_entry|ModeChangeDetector:mode_change_detector_inst|previous_mode[0]      ; clk          ; clk         ; 0.000        ; 0.000      ; 0.805      ;
; 0.655 ; ModeController:u_mode_controller|state.UNLOCKED_PROGRAMMING                               ; CodeEntry:u_code_entry|ModeChangeDetector:mode_change_detector_inst|is_mode_change        ; clk          ; clk         ; 0.000        ; 0.000      ; 0.807      ;
; 0.666 ; CodeEntry:u_code_entry|UpDownCounterWrap:up_down_counter_inst|count[3]                    ; CodeEntry:u_code_entry|UpDownCounterWrap:up_down_counter_inst|count[2]                    ; clk          ; clk         ; 0.000        ; 0.000      ; 0.818      ;
; 0.671 ; CodeControl:u_code_control|CurrentCodeRegistry:current_code_registry_inst|stored_code[5]  ; CodeControl:u_code_control|UnlockLogic:unlock_logic_inst|unlock                           ; clk          ; clk         ; 0.000        ; 0.000      ; 0.823      ;
; 0.681 ; CodeControl:u_code_control|CurrentCodeRegistry:current_code_registry_inst|stored_code[8]  ; CodeControl:u_code_control|UnlockLogic:unlock_logic_inst|unlock                           ; clk          ; clk         ; 0.000        ; 0.000      ; 0.833      ;
; 0.683 ; CodeControl:u_code_control|CurrentCodeRegistry:current_code_registry_inst|stored_code[6]  ; CodeControl:u_code_control|UnlockLogic:unlock_logic_inst|unlock                           ; clk          ; clk         ; 0.000        ; 0.000      ; 0.835      ;
; 0.709 ; CodeControl:u_code_control|CurrentCodeRegistry:current_code_registry_inst|stored_code[7]  ; CodeControl:u_code_control|UnlockLogic:unlock_logic_inst|unlock                           ; clk          ; clk         ; 0.000        ; 0.000      ; 0.861      ;
; 0.712 ; CodeControl:u_code_control|CurrentCodeRegistry:current_code_registry_inst|stored_code[0]  ; CodeControl:u_code_control|UnlockLogic:unlock_logic_inst|unlock                           ; clk          ; clk         ; 0.000        ; 0.000      ; 0.864      ;
; 0.714 ; CodeControl:u_code_control|UnlockLogic:unlock_logic_inst|trigger_validate_d               ; CodeControl:u_code_control|UnlockLogic:unlock_logic_inst|unlock                           ; clk          ; clk         ; 0.000        ; -0.025     ; 0.841      ;
; 0.757 ; CodeControl:u_code_control|CurrentCodeRegistry:current_code_registry_inst|stored_code[12] ; CodeControl:u_code_control|UnlockLogic:unlock_logic_inst|unlock                           ; clk          ; clk         ; 0.000        ; 0.000      ; 0.909      ;
; 0.762 ; CodeEntry:u_code_entry|CodeShiftRegister:code_shift_register_inst|segment[1]              ; CodeEntry:u_code_entry|CodeShiftRegister:code_shift_register_inst|code[4]                 ; clk          ; clk         ; 0.000        ; 0.000      ; 0.914      ;
; 0.762 ; CodeEntry:u_code_entry|CodeShiftRegister:code_shift_register_inst|segment[1]              ; CodeEntry:u_code_entry|CodeShiftRegister:code_shift_register_inst|code[5]                 ; clk          ; clk         ; 0.000        ; 0.000      ; 0.914      ;
; 0.762 ; CodeEntry:u_code_entry|CodeShiftRegister:code_shift_register_inst|segment[1]              ; CodeEntry:u_code_entry|CodeShiftRegister:code_shift_register_inst|code[7]                 ; clk          ; clk         ; 0.000        ; 0.000      ; 0.914      ;
; 0.762 ; CodeEntry:u_code_entry|CodeShiftRegister:code_shift_register_inst|segment[1]              ; CodeEntry:u_code_entry|CodeShiftRegister:code_shift_register_inst|code[6]                 ; clk          ; clk         ; 0.000        ; 0.000      ; 0.914      ;
; 0.765 ; CodeEntry:u_code_entry|CodeShiftRegister:code_shift_register_inst|segment[1]              ; CodeEntry:u_code_entry|CodeShiftRegister:code_shift_register_inst|code[9]                 ; clk          ; clk         ; 0.000        ; 0.000      ; 0.917      ;
; 0.765 ; CodeEntry:u_code_entry|CodeShiftRegister:code_shift_register_inst|segment[1]              ; CodeEntry:u_code_entry|CodeShiftRegister:code_shift_register_inst|code[8]                 ; clk          ; clk         ; 0.000        ; 0.000      ; 0.917      ;
; 0.765 ; CodeEntry:u_code_entry|CodeShiftRegister:code_shift_register_inst|segment[1]              ; CodeEntry:u_code_entry|CodeShiftRegister:code_shift_register_inst|code[11]                ; clk          ; clk         ; 0.000        ; 0.000      ; 0.917      ;
; 0.765 ; CodeEntry:u_code_entry|CodeShiftRegister:code_shift_register_inst|segment[1]              ; CodeEntry:u_code_entry|CodeShiftRegister:code_shift_register_inst|code[10]                ; clk          ; clk         ; 0.000        ; 0.000      ; 0.917      ;
; 0.782 ; CodeControl:u_code_control|CurrentCodeRegistry:current_code_registry_inst|stored_code[3]  ; CodeControl:u_code_control|UnlockLogic:unlock_logic_inst|unlock                           ; clk          ; clk         ; 0.000        ; 0.000      ; 0.934      ;
; 0.786 ; ModeController:u_mode_controller|state.UNLOCKED                                           ; CodeEntry:u_code_entry|ModeChangeDetector:mode_change_detector_inst|previous_mode[1]      ; clk          ; clk         ; 0.000        ; 0.000      ; 0.938      ;
; 0.798 ; CodeEntry:u_code_entry|ModeChangeDetector:mode_change_detector_inst|previous_mode[0]      ; CodeEntry:u_code_entry|ModeChangeDetector:mode_change_detector_inst|previous_mode[1]      ; clk          ; clk         ; 0.000        ; 0.000      ; 0.950      ;
; 0.798 ; CodeEntry:u_code_entry|ModeChangeDetector:mode_change_detector_inst|previous_mode[0]      ; CodeEntry:u_code_entry|ModeChangeDetector:mode_change_detector_inst|previous_mode[0]      ; clk          ; clk         ; 0.000        ; 0.000      ; 0.950      ;
; 0.805 ; CodeControl:u_code_control|CurrentCodeRegistry:current_code_registry_inst|stored_code[10] ; CodeControl:u_code_control|UnlockLogic:unlock_logic_inst|unlock                           ; clk          ; clk         ; 0.000        ; 0.000      ; 0.957      ;
; 0.811 ; CodeEntry:u_code_entry|CodeShiftRegister:code_shift_register_inst|code[0]                 ; CodeControl:u_code_control|UnlockLogic:unlock_logic_inst|unlock                           ; clk          ; clk         ; 0.000        ; -0.024     ; 0.939      ;
; 0.817 ; CodeControl:u_code_control|CurrentCodeRegistry:current_code_registry_inst|stored_code[4]  ; CodeControl:u_code_control|UnlockLogic:unlock_logic_inst|unlock                           ; clk          ; clk         ; 0.000        ; 0.000      ; 0.969      ;
; 0.827 ; CodeEntry:u_code_entry|CodeShiftRegister:code_shift_register_inst|code[4]                 ; CodeControl:u_code_control|UnlockLogic:unlock_logic_inst|unlock                           ; clk          ; clk         ; 0.000        ; -0.025     ; 0.954      ;
; 0.831 ; CodeEntry:u_code_entry|CodeShiftRegister:code_shift_register_inst|code[9]                 ; CodeControl:u_code_control|UnlockLogic:unlock_logic_inst|unlock                           ; clk          ; clk         ; 0.000        ; -0.025     ; 0.958      ;
; 0.837 ; ModeController:u_mode_controller|state.UNLOCKED_PROGRAMMING                               ; CodeEntry:u_code_entry|ModeChangeDetector:mode_change_detector_inst|previous_mode[0]      ; clk          ; clk         ; 0.000        ; 0.000      ; 0.989      ;
; 0.841 ; ModeController:u_mode_controller|state.UNLOCKED                                           ; CodeControl:u_code_control|UnlockLogic:unlock_logic_inst|unlock                           ; clk          ; clk         ; 0.000        ; -0.025     ; 0.968      ;
; 0.844 ; CodeControl:u_code_control|CurrentCodeRegistry:current_code_registry_inst|stored_code[9]  ; CodeControl:u_code_control|UnlockLogic:unlock_logic_inst|unlock                           ; clk          ; clk         ; 0.000        ; 0.000      ; 0.996      ;
; 0.861 ; CodeEntry:u_code_entry|CodeShiftRegister:code_shift_register_inst|code[13]                ; CodeControl:u_code_control|UnlockLogic:unlock_logic_inst|unlock                           ; clk          ; clk         ; 0.000        ; 0.000      ; 1.013      ;
; 0.875 ; CodeEntry:u_code_entry|CodeShiftRegister:code_shift_register_inst|code[3]                 ; CodeControl:u_code_control|UnlockLogic:unlock_logic_inst|unlock                           ; clk          ; clk         ; 0.000        ; -0.024     ; 1.003      ;
+-------+-------------------------------------------------------------------------------------------+-------------------------------------------------------------------------------------------+--------------+-------------+--------------+------------+------------+


+--------------------------------------------------------------------------------------------------------------------------------------------------------------------------------------------------------------------------------------------------+
; Fast Model Recovery: 'clk'                                                                                                                                                                                                                       ;
+--------+------------------------------------------------------------------------------------+------------------------------------------------------------------------------+--------------+-------------+--------------+------------+------------+
; Slack  ; From Node                                                                          ; To Node                                                                      ; Launch Clock ; Latch Clock ; Relationship ; Clock Skew ; Data Delay ;
+--------+------------------------------------------------------------------------------------+------------------------------------------------------------------------------+--------------+-------------+--------------+------------+------------+
; -0.061 ; CodeEntry:u_code_entry|ModeChangeDetector:mode_change_detector_inst|is_mode_change ; CodeEntry:u_code_entry|CodeShiftRegister:code_shift_register_inst|code[13]   ; clk          ; clk         ; 1.000        ; -0.025     ; 1.068      ;
; -0.061 ; CodeEntry:u_code_entry|ModeChangeDetector:mode_change_detector_inst|is_mode_change ; CodeEntry:u_code_entry|CodeShiftRegister:code_shift_register_inst|code[12]   ; clk          ; clk         ; 1.000        ; -0.025     ; 1.068      ;
; -0.061 ; CodeEntry:u_code_entry|ModeChangeDetector:mode_change_detector_inst|is_mode_change ; CodeEntry:u_code_entry|CodeShiftRegister:code_shift_register_inst|code[14]   ; clk          ; clk         ; 1.000        ; -0.025     ; 1.068      ;
; -0.061 ; CodeEntry:u_code_entry|ModeChangeDetector:mode_change_detector_inst|is_mode_change ; CodeEntry:u_code_entry|CodeShiftRegister:code_shift_register_inst|code[15]   ; clk          ; clk         ; 1.000        ; -0.025     ; 1.068      ;
; 0.069  ; CodeEntry:u_code_entry|ModeChangeDetector:mode_change_detector_inst|is_mode_change ; CodeEntry:u_code_entry|CodeShiftRegister:code_shift_register_inst|code[4]    ; clk          ; clk         ; 1.000        ; 0.000      ; 0.963      ;
; 0.069  ; CodeEntry:u_code_entry|ModeChangeDetector:mode_change_detector_inst|is_mode_change ; CodeEntry:u_code_entry|CodeShiftRegister:code_shift_register_inst|code[5]    ; clk          ; clk         ; 1.000        ; 0.000      ; 0.963      ;
; 0.069  ; CodeEntry:u_code_entry|ModeChangeDetector:mode_change_detector_inst|is_mode_change ; CodeEntry:u_code_entry|CodeShiftRegister:code_shift_register_inst|code[7]    ; clk          ; clk         ; 1.000        ; 0.000      ; 0.963      ;
; 0.069  ; CodeEntry:u_code_entry|ModeChangeDetector:mode_change_detector_inst|is_mode_change ; CodeEntry:u_code_entry|CodeShiftRegister:code_shift_register_inst|code[6]    ; clk          ; clk         ; 1.000        ; 0.000      ; 0.963      ;
; 0.069  ; CodeEntry:u_code_entry|ModeChangeDetector:mode_change_detector_inst|is_mode_change ; CodeEntry:u_code_entry|CodeShiftRegister:code_shift_register_inst|code[9]    ; clk          ; clk         ; 1.000        ; 0.000      ; 0.963      ;
; 0.069  ; CodeEntry:u_code_entry|ModeChangeDetector:mode_change_detector_inst|is_mode_change ; CodeEntry:u_code_entry|CodeShiftRegister:code_shift_register_inst|code[8]    ; clk          ; clk         ; 1.000        ; 0.000      ; 0.963      ;
; 0.069  ; CodeEntry:u_code_entry|ModeChangeDetector:mode_change_detector_inst|is_mode_change ; CodeEntry:u_code_entry|CodeShiftRegister:code_shift_register_inst|code[11]   ; clk          ; clk         ; 1.000        ; 0.000      ; 0.963      ;
; 0.069  ; CodeEntry:u_code_entry|ModeChangeDetector:mode_change_detector_inst|is_mode_change ; CodeEntry:u_code_entry|CodeShiftRegister:code_shift_register_inst|code[10]   ; clk          ; clk         ; 1.000        ; 0.000      ; 0.963      ;
; 0.071  ; CodeEntry:u_code_entry|ModeChangeDetector:mode_change_detector_inst|is_mode_change ; CodeEntry:u_code_entry|CodeShiftRegister:code_shift_register_inst|code[0]    ; clk          ; clk         ; 1.000        ; -0.001     ; 0.960      ;
; 0.071  ; CodeEntry:u_code_entry|ModeChangeDetector:mode_change_detector_inst|is_mode_change ; CodeEntry:u_code_entry|CodeShiftRegister:code_shift_register_inst|code[1]    ; clk          ; clk         ; 1.000        ; -0.001     ; 0.960      ;
; 0.071  ; CodeEntry:u_code_entry|ModeChangeDetector:mode_change_detector_inst|is_mode_change ; CodeEntry:u_code_entry|CodeShiftRegister:code_shift_register_inst|code[3]    ; clk          ; clk         ; 1.000        ; -0.001     ; 0.960      ;
; 0.071  ; CodeEntry:u_code_entry|ModeChangeDetector:mode_change_detector_inst|is_mode_change ; CodeEntry:u_code_entry|CodeShiftRegister:code_shift_register_inst|code[2]    ; clk          ; clk         ; 1.000        ; -0.001     ; 0.960      ;
; 0.141  ; CodeEntry:u_code_entry|ModeChangeDetector:mode_change_detector_inst|is_mode_change ; CodeEntry:u_code_entry|CodeShiftRegister:code_shift_register_inst|segment[0] ; clk          ; clk         ; 1.000        ; 0.000      ; 0.891      ;
; 0.141  ; CodeEntry:u_code_entry|ModeChangeDetector:mode_change_detector_inst|is_mode_change ; CodeEntry:u_code_entry|CodeShiftRegister:code_shift_register_inst|segment[1] ; clk          ; clk         ; 1.000        ; 0.000      ; 0.891      ;
+--------+------------------------------------------------------------------------------------+------------------------------------------------------------------------------+--------------+-------------+--------------+------------+------------+


+-------------------------------------------------------------------------------------------------------------------------------------------------------------------------------------------------------------------------------------------------+
; Fast Model Removal: 'clk'                                                                                                                                                                                                                       ;
+-------+------------------------------------------------------------------------------------+------------------------------------------------------------------------------+--------------+-------------+--------------+------------+------------+
; Slack ; From Node                                                                          ; To Node                                                                      ; Launch Clock ; Latch Clock ; Relationship ; Clock Skew ; Data Delay ;
+-------+------------------------------------------------------------------------------------+------------------------------------------------------------------------------+--------------+-------------+--------------+------------+------------+
; 0.739 ; CodeEntry:u_code_entry|ModeChangeDetector:mode_change_detector_inst|is_mode_change ; CodeEntry:u_code_entry|CodeShiftRegister:code_shift_register_inst|segment[0] ; clk          ; clk         ; 0.000        ; 0.000      ; 0.891      ;
; 0.739 ; CodeEntry:u_code_entry|ModeChangeDetector:mode_change_detector_inst|is_mode_change ; CodeEntry:u_code_entry|CodeShiftRegister:code_shift_register_inst|segment[1] ; clk          ; clk         ; 0.000        ; 0.000      ; 0.891      ;
; 0.809 ; CodeEntry:u_code_entry|ModeChangeDetector:mode_change_detector_inst|is_mode_change ; CodeEntry:u_code_entry|CodeShiftRegister:code_shift_register_inst|code[0]    ; clk          ; clk         ; 0.000        ; -0.001     ; 0.960      ;
; 0.809 ; CodeEntry:u_code_entry|ModeChangeDetector:mode_change_detector_inst|is_mode_change ; CodeEntry:u_code_entry|CodeShiftRegister:code_shift_register_inst|code[1]    ; clk          ; clk         ; 0.000        ; -0.001     ; 0.960      ;
; 0.809 ; CodeEntry:u_code_entry|ModeChangeDetector:mode_change_detector_inst|is_mode_change ; CodeEntry:u_code_entry|CodeShiftRegister:code_shift_register_inst|code[3]    ; clk          ; clk         ; 0.000        ; -0.001     ; 0.960      ;
; 0.809 ; CodeEntry:u_code_entry|ModeChangeDetector:mode_change_detector_inst|is_mode_change ; CodeEntry:u_code_entry|CodeShiftRegister:code_shift_register_inst|code[2]    ; clk          ; clk         ; 0.000        ; -0.001     ; 0.960      ;
; 0.811 ; CodeEntry:u_code_entry|ModeChangeDetector:mode_change_detector_inst|is_mode_change ; CodeEntry:u_code_entry|CodeShiftRegister:code_shift_register_inst|code[4]    ; clk          ; clk         ; 0.000        ; 0.000      ; 0.963      ;
; 0.811 ; CodeEntry:u_code_entry|ModeChangeDetector:mode_change_detector_inst|is_mode_change ; CodeEntry:u_code_entry|CodeShiftRegister:code_shift_register_inst|code[5]    ; clk          ; clk         ; 0.000        ; 0.000      ; 0.963      ;
; 0.811 ; CodeEntry:u_code_entry|ModeChangeDetector:mode_change_detector_inst|is_mode_change ; CodeEntry:u_code_entry|CodeShiftRegister:code_shift_register_inst|code[7]    ; clk          ; clk         ; 0.000        ; 0.000      ; 0.963      ;
; 0.811 ; CodeEntry:u_code_entry|ModeChangeDetector:mode_change_detector_inst|is_mode_change ; CodeEntry:u_code_entry|CodeShiftRegister:code_shift_register_inst|code[6]    ; clk          ; clk         ; 0.000        ; 0.000      ; 0.963      ;
; 0.811 ; CodeEntry:u_code_entry|ModeChangeDetector:mode_change_detector_inst|is_mode_change ; CodeEntry:u_code_entry|CodeShiftRegister:code_shift_register_inst|code[9]    ; clk          ; clk         ; 0.000        ; 0.000      ; 0.963      ;
; 0.811 ; CodeEntry:u_code_entry|ModeChangeDetector:mode_change_detector_inst|is_mode_change ; CodeEntry:u_code_entry|CodeShiftRegister:code_shift_register_inst|code[8]    ; clk          ; clk         ; 0.000        ; 0.000      ; 0.963      ;
; 0.811 ; CodeEntry:u_code_entry|ModeChangeDetector:mode_change_detector_inst|is_mode_change ; CodeEntry:u_code_entry|CodeShiftRegister:code_shift_register_inst|code[11]   ; clk          ; clk         ; 0.000        ; 0.000      ; 0.963      ;
; 0.811 ; CodeEntry:u_code_entry|ModeChangeDetector:mode_change_detector_inst|is_mode_change ; CodeEntry:u_code_entry|CodeShiftRegister:code_shift_register_inst|code[10]   ; clk          ; clk         ; 0.000        ; 0.000      ; 0.963      ;
; 0.941 ; CodeEntry:u_code_entry|ModeChangeDetector:mode_change_detector_inst|is_mode_change ; CodeEntry:u_code_entry|CodeShiftRegister:code_shift_register_inst|code[13]   ; clk          ; clk         ; 0.000        ; -0.025     ; 1.068      ;
; 0.941 ; CodeEntry:u_code_entry|ModeChangeDetector:mode_change_detector_inst|is_mode_change ; CodeEntry:u_code_entry|CodeShiftRegister:code_shift_register_inst|code[12]   ; clk          ; clk         ; 0.000        ; -0.025     ; 1.068      ;
; 0.941 ; CodeEntry:u_code_entry|ModeChangeDetector:mode_change_detector_inst|is_mode_change ; CodeEntry:u_code_entry|CodeShiftRegister:code_shift_register_inst|code[14]   ; clk          ; clk         ; 0.000        ; -0.025     ; 1.068      ;
; 0.941 ; CodeEntry:u_code_entry|ModeChangeDetector:mode_change_detector_inst|is_mode_change ; CodeEntry:u_code_entry|CodeShiftRegister:code_shift_register_inst|code[15]   ; clk          ; clk         ; 0.000        ; -0.025     ; 1.068      ;
+-------+------------------------------------------------------------------------------------+------------------------------------------------------------------------------+--------------+-------------+--------------+------------+------------+


+----------------------------------------------------------------------------------------------------------------------------------------------------------------------------+
; Fast Model Minimum Pulse Width: 'clk'                                                                                                                                      ;
+--------+--------------+----------------+------------------+-------+------------+-------------------------------------------------------------------------------------------+
; Slack  ; Actual Width ; Required Width ; Type             ; Clock ; Clock Edge ; Target                                                                                    ;
+--------+--------------+----------------+------------------+-------+------------+-------------------------------------------------------------------------------------------+
; -1.380 ; 1.000        ; 2.380          ; Port Rate        ; clk   ; Rise       ; clk                                                                                       ;
; -0.500 ; 0.500        ; 1.000          ; High Pulse Width ; clk   ; Rise       ; CodeControl:u_code_control|CurrentCodeRegistry:current_code_registry_inst|stored_code[0]  ;
; -0.500 ; 0.500        ; 1.000          ; Low Pulse Width  ; clk   ; Rise       ; CodeControl:u_code_control|CurrentCodeRegistry:current_code_registry_inst|stored_code[0]  ;
; -0.500 ; 0.500        ; 1.000          ; High Pulse Width ; clk   ; Rise       ; CodeControl:u_code_control|CurrentCodeRegistry:current_code_registry_inst|stored_code[10] ;
; -0.500 ; 0.500        ; 1.000          ; Low Pulse Width  ; clk   ; Rise       ; CodeControl:u_code_control|CurrentCodeRegistry:current_code_registry_inst|stored_code[10] ;
; -0.500 ; 0.500        ; 1.000          ; High Pulse Width ; clk   ; Rise       ; CodeControl:u_code_control|CurrentCodeRegistry:current_code_registry_inst|stored_code[11] ;
; -0.500 ; 0.500        ; 1.000          ; Low Pulse Width  ; clk   ; Rise       ; CodeControl:u_code_control|CurrentCodeRegistry:current_code_registry_inst|stored_code[11] ;
; -0.500 ; 0.500        ; 1.000          ; High Pulse Width ; clk   ; Rise       ; CodeControl:u_code_control|CurrentCodeRegistry:current_code_registry_inst|stored_code[12] ;
; -0.500 ; 0.500        ; 1.000          ; Low Pulse Width  ; clk   ; Rise       ; CodeControl:u_code_control|CurrentCodeRegistry:current_code_registry_inst|stored_code[12] ;
; -0.500 ; 0.500        ; 1.000          ; High Pulse Width ; clk   ; Rise       ; CodeControl:u_code_control|CurrentCodeRegistry:current_code_registry_inst|stored_code[13] ;
; -0.500 ; 0.500        ; 1.000          ; Low Pulse Width  ; clk   ; Rise       ; CodeControl:u_code_control|CurrentCodeRegistry:current_code_registry_inst|stored_code[13] ;
; -0.500 ; 0.500        ; 1.000          ; High Pulse Width ; clk   ; Rise       ; CodeControl:u_code_control|CurrentCodeRegistry:current_code_registry_inst|stored_code[14] ;
; -0.500 ; 0.500        ; 1.000          ; Low Pulse Width  ; clk   ; Rise       ; CodeControl:u_code_control|CurrentCodeRegistry:current_code_registry_inst|stored_code[14] ;
; -0.500 ; 0.500        ; 1.000          ; High Pulse Width ; clk   ; Rise       ; CodeControl:u_code_control|CurrentCodeRegistry:current_code_registry_inst|stored_code[15] ;
; -0.500 ; 0.500        ; 1.000          ; Low Pulse Width  ; clk   ; Rise       ; CodeControl:u_code_control|CurrentCodeRegistry:current_code_registry_inst|stored_code[15] ;
; -0.500 ; 0.500        ; 1.000          ; High Pulse Width ; clk   ; Rise       ; CodeControl:u_code_control|CurrentCodeRegistry:current_code_registry_inst|stored_code[1]  ;
; -0.500 ; 0.500        ; 1.000          ; Low Pulse Width  ; clk   ; Rise       ; CodeControl:u_code_control|CurrentCodeRegistry:current_code_registry_inst|stored_code[1]  ;
; -0.500 ; 0.500        ; 1.000          ; High Pulse Width ; clk   ; Rise       ; CodeControl:u_code_control|CurrentCodeRegistry:current_code_registry_inst|stored_code[2]  ;
; -0.500 ; 0.500        ; 1.000          ; Low Pulse Width  ; clk   ; Rise       ; CodeControl:u_code_control|CurrentCodeRegistry:current_code_registry_inst|stored_code[2]  ;
; -0.500 ; 0.500        ; 1.000          ; High Pulse Width ; clk   ; Rise       ; CodeControl:u_code_control|CurrentCodeRegistry:current_code_registry_inst|stored_code[3]  ;
; -0.500 ; 0.500        ; 1.000          ; Low Pulse Width  ; clk   ; Rise       ; CodeControl:u_code_control|CurrentCodeRegistry:current_code_registry_inst|stored_code[3]  ;
; -0.500 ; 0.500        ; 1.000          ; High Pulse Width ; clk   ; Rise       ; CodeControl:u_code_control|CurrentCodeRegistry:current_code_registry_inst|stored_code[4]  ;
; -0.500 ; 0.500        ; 1.000          ; Low Pulse Width  ; clk   ; Rise       ; CodeControl:u_code_control|CurrentCodeRegistry:current_code_registry_inst|stored_code[4]  ;
; -0.500 ; 0.500        ; 1.000          ; High Pulse Width ; clk   ; Rise       ; CodeControl:u_code_control|CurrentCodeRegistry:current_code_registry_inst|stored_code[5]  ;
; -0.500 ; 0.500        ; 1.000          ; Low Pulse Width  ; clk   ; Rise       ; CodeControl:u_code_control|CurrentCodeRegistry:current_code_registry_inst|stored_code[5]  ;
; -0.500 ; 0.500        ; 1.000          ; High Pulse Width ; clk   ; Rise       ; CodeControl:u_code_control|CurrentCodeRegistry:current_code_registry_inst|stored_code[6]  ;
; -0.500 ; 0.500        ; 1.000          ; Low Pulse Width  ; clk   ; Rise       ; CodeControl:u_code_control|CurrentCodeRegistry:current_code_registry_inst|stored_code[6]  ;
; -0.500 ; 0.500        ; 1.000          ; High Pulse Width ; clk   ; Rise       ; CodeControl:u_code_control|CurrentCodeRegistry:current_code_registry_inst|stored_code[7]  ;
; -0.500 ; 0.500        ; 1.000          ; Low Pulse Width  ; clk   ; Rise       ; CodeControl:u_code_control|CurrentCodeRegistry:current_code_registry_inst|stored_code[7]  ;
; -0.500 ; 0.500        ; 1.000          ; High Pulse Width ; clk   ; Rise       ; CodeControl:u_code_control|CurrentCodeRegistry:current_code_registry_inst|stored_code[8]  ;
; -0.500 ; 0.500        ; 1.000          ; Low Pulse Width  ; clk   ; Rise       ; CodeControl:u_code_control|CurrentCodeRegistry:current_code_registry_inst|stored_code[8]  ;
; -0.500 ; 0.500        ; 1.000          ; High Pulse Width ; clk   ; Rise       ; CodeControl:u_code_control|CurrentCodeRegistry:current_code_registry_inst|stored_code[9]  ;
; -0.500 ; 0.500        ; 1.000          ; Low Pulse Width  ; clk   ; Rise       ; CodeControl:u_code_control|CurrentCodeRegistry:current_code_registry_inst|stored_code[9]  ;
; -0.500 ; 0.500        ; 1.000          ; High Pulse Width ; clk   ; Rise       ; CodeControl:u_code_control|UnlockLogic:unlock_logic_inst|trigger_validate_d               ;
; -0.500 ; 0.500        ; 1.000          ; Low Pulse Width  ; clk   ; Rise       ; CodeControl:u_code_control|UnlockLogic:unlock_logic_inst|trigger_validate_d               ;
; -0.500 ; 0.500        ; 1.000          ; High Pulse Width ; clk   ; Rise       ; CodeControl:u_code_control|UnlockLogic:unlock_logic_inst|unlock                           ;
; -0.500 ; 0.500        ; 1.000          ; Low Pulse Width  ; clk   ; Rise       ; CodeControl:u_code_control|UnlockLogic:unlock_logic_inst|unlock                           ;
; -0.500 ; 0.500        ; 1.000          ; High Pulse Width ; clk   ; Rise       ; CodeEntry:u_code_entry|CodeShiftRegister:code_shift_register_inst|code[0]                 ;
; -0.500 ; 0.500        ; 1.000          ; Low Pulse Width  ; clk   ; Rise       ; CodeEntry:u_code_entry|CodeShiftRegister:code_shift_register_inst|code[0]                 ;
; -0.500 ; 0.500        ; 1.000          ; High Pulse Width ; clk   ; Rise       ; CodeEntry:u_code_entry|CodeShiftRegister:code_shift_register_inst|code[10]                ;
; -0.500 ; 0.500        ; 1.000          ; Low Pulse Width  ; clk   ; Rise       ; CodeEntry:u_code_entry|CodeShiftRegister:code_shift_register_inst|code[10]                ;
; -0.500 ; 0.500        ; 1.000          ; High Pulse Width ; clk   ; Rise       ; CodeEntry:u_code_entry|CodeShiftRegister:code_shift_register_inst|code[11]                ;
; -0.500 ; 0.500        ; 1.000          ; Low Pulse Width  ; clk   ; Rise       ; CodeEntry:u_code_entry|CodeShiftRegister:code_shift_register_inst|code[11]                ;
; -0.500 ; 0.500        ; 1.000          ; High Pulse Width ; clk   ; Rise       ; CodeEntry:u_code_entry|CodeShiftRegister:code_shift_register_inst|code[12]                ;
; -0.500 ; 0.500        ; 1.000          ; Low Pulse Width  ; clk   ; Rise       ; CodeEntry:u_code_entry|CodeShiftRegister:code_shift_register_inst|code[12]                ;
; -0.500 ; 0.500        ; 1.000          ; High Pulse Width ; clk   ; Rise       ; CodeEntry:u_code_entry|CodeShiftRegister:code_shift_register_inst|code[13]                ;
; -0.500 ; 0.500        ; 1.000          ; Low Pulse Width  ; clk   ; Rise       ; CodeEntry:u_code_entry|CodeShiftRegister:code_shift_register_inst|code[13]                ;
; -0.500 ; 0.500        ; 1.000          ; High Pulse Width ; clk   ; Rise       ; CodeEntry:u_code_entry|CodeShiftRegister:code_shift_register_inst|code[14]                ;
; -0.500 ; 0.500        ; 1.000          ; Low Pulse Width  ; clk   ; Rise       ; CodeEntry:u_code_entry|CodeShiftRegister:code_shift_register_inst|code[14]                ;
; -0.500 ; 0.500        ; 1.000          ; High Pulse Width ; clk   ; Rise       ; CodeEntry:u_code_entry|CodeShiftRegister:code_shift_register_inst|code[15]                ;
; -0.500 ; 0.500        ; 1.000          ; Low Pulse Width  ; clk   ; Rise       ; CodeEntry:u_code_entry|CodeShiftRegister:code_shift_register_inst|code[15]                ;
; -0.500 ; 0.500        ; 1.000          ; High Pulse Width ; clk   ; Rise       ; CodeEntry:u_code_entry|CodeShiftRegister:code_shift_register_inst|code[1]                 ;
; -0.500 ; 0.500        ; 1.000          ; Low Pulse Width  ; clk   ; Rise       ; CodeEntry:u_code_entry|CodeShiftRegister:code_shift_register_inst|code[1]                 ;
; -0.500 ; 0.500        ; 1.000          ; High Pulse Width ; clk   ; Rise       ; CodeEntry:u_code_entry|CodeShiftRegister:code_shift_register_inst|code[2]                 ;
; -0.500 ; 0.500        ; 1.000          ; Low Pulse Width  ; clk   ; Rise       ; CodeEntry:u_code_entry|CodeShiftRegister:code_shift_register_inst|code[2]                 ;
; -0.500 ; 0.500        ; 1.000          ; High Pulse Width ; clk   ; Rise       ; CodeEntry:u_code_entry|CodeShiftRegister:code_shift_register_inst|code[3]                 ;
; -0.500 ; 0.500        ; 1.000          ; Low Pulse Width  ; clk   ; Rise       ; CodeEntry:u_code_entry|CodeShiftRegister:code_shift_register_inst|code[3]                 ;
; -0.500 ; 0.500        ; 1.000          ; High Pulse Width ; clk   ; Rise       ; CodeEntry:u_code_entry|CodeShiftRegister:code_shift_register_inst|code[4]                 ;
; -0.500 ; 0.500        ; 1.000          ; Low Pulse Width  ; clk   ; Rise       ; CodeEntry:u_code_entry|CodeShiftRegister:code_shift_register_inst|code[4]                 ;
; -0.500 ; 0.500        ; 1.000          ; High Pulse Width ; clk   ; Rise       ; CodeEntry:u_code_entry|CodeShiftRegister:code_shift_register_inst|code[5]                 ;
; -0.500 ; 0.500        ; 1.000          ; Low Pulse Width  ; clk   ; Rise       ; CodeEntry:u_code_entry|CodeShiftRegister:code_shift_register_inst|code[5]                 ;
; -0.500 ; 0.500        ; 1.000          ; High Pulse Width ; clk   ; Rise       ; CodeEntry:u_code_entry|CodeShiftRegister:code_shift_register_inst|code[6]                 ;
; -0.500 ; 0.500        ; 1.000          ; Low Pulse Width  ; clk   ; Rise       ; CodeEntry:u_code_entry|CodeShiftRegister:code_shift_register_inst|code[6]                 ;
; -0.500 ; 0.500        ; 1.000          ; High Pulse Width ; clk   ; Rise       ; CodeEntry:u_code_entry|CodeShiftRegister:code_shift_register_inst|code[7]                 ;
; -0.500 ; 0.500        ; 1.000          ; Low Pulse Width  ; clk   ; Rise       ; CodeEntry:u_code_entry|CodeShiftRegister:code_shift_register_inst|code[7]                 ;
; -0.500 ; 0.500        ; 1.000          ; High Pulse Width ; clk   ; Rise       ; CodeEntry:u_code_entry|CodeShiftRegister:code_shift_register_inst|code[8]                 ;
; -0.500 ; 0.500        ; 1.000          ; Low Pulse Width  ; clk   ; Rise       ; CodeEntry:u_code_entry|CodeShiftRegister:code_shift_register_inst|code[8]                 ;
; -0.500 ; 0.500        ; 1.000          ; High Pulse Width ; clk   ; Rise       ; CodeEntry:u_code_entry|CodeShiftRegister:code_shift_register_inst|code[9]                 ;
; -0.500 ; 0.500        ; 1.000          ; Low Pulse Width  ; clk   ; Rise       ; CodeEntry:u_code_entry|CodeShiftRegister:code_shift_register_inst|code[9]                 ;
; -0.500 ; 0.500        ; 1.000          ; High Pulse Width ; clk   ; Rise       ; CodeEntry:u_code_entry|CodeShiftRegister:code_shift_register_inst|segment[0]              ;
; -0.500 ; 0.500        ; 1.000          ; Low Pulse Width  ; clk   ; Rise       ; CodeEntry:u_code_entry|CodeShiftRegister:code_shift_register_inst|segment[0]              ;
; -0.500 ; 0.500        ; 1.000          ; High Pulse Width ; clk   ; Rise       ; CodeEntry:u_code_entry|CodeShiftRegister:code_shift_register_inst|segment[1]              ;
; -0.500 ; 0.500        ; 1.000          ; Low Pulse Width  ; clk   ; Rise       ; CodeEntry:u_code_entry|CodeShiftRegister:code_shift_register_inst|segment[1]              ;
; -0.500 ; 0.500        ; 1.000          ; High Pulse Width ; clk   ; Rise       ; CodeEntry:u_code_entry|ModeChangeDetector:mode_change_detector_inst|is_mode_change        ;
; -0.500 ; 0.500        ; 1.000          ; Low Pulse Width  ; clk   ; Rise       ; CodeEntry:u_code_entry|ModeChangeDetector:mode_change_detector_inst|is_mode_change        ;
; -0.500 ; 0.500        ; 1.000          ; High Pulse Width ; clk   ; Rise       ; CodeEntry:u_code_entry|ModeChangeDetector:mode_change_detector_inst|previous_mode[0]      ;
; -0.500 ; 0.500        ; 1.000          ; Low Pulse Width  ; clk   ; Rise       ; CodeEntry:u_code_entry|ModeChangeDetector:mode_change_detector_inst|previous_mode[0]      ;
; -0.500 ; 0.500        ; 1.000          ; High Pulse Width ; clk   ; Rise       ; CodeEntry:u_code_entry|ModeChangeDetector:mode_change_detector_inst|previous_mode[1]      ;
; -0.500 ; 0.500        ; 1.000          ; Low Pulse Width  ; clk   ; Rise       ; CodeEntry:u_code_entry|ModeChangeDetector:mode_change_detector_inst|previous_mode[1]      ;
; -0.500 ; 0.500        ; 1.000          ; High Pulse Width ; clk   ; Rise       ; CodeEntry:u_code_entry|SinglePulse:single_pulse_inst|pulse                                ;
; -0.500 ; 0.500        ; 1.000          ; Low Pulse Width  ; clk   ; Rise       ; CodeEntry:u_code_entry|SinglePulse:single_pulse_inst|pulse                                ;
; -0.500 ; 0.500        ; 1.000          ; High Pulse Width ; clk   ; Rise       ; CodeEntry:u_code_entry|SinglePulse:single_pulse_inst|trigger_d                            ;
; -0.500 ; 0.500        ; 1.000          ; Low Pulse Width  ; clk   ; Rise       ; CodeEntry:u_code_entry|SinglePulse:single_pulse_inst|trigger_d                            ;
; -0.500 ; 0.500        ; 1.000          ; High Pulse Width ; clk   ; Rise       ; CodeEntry:u_code_entry|UpDownCounterWrap:up_down_counter_inst|count[0]                    ;
; -0.500 ; 0.500        ; 1.000          ; Low Pulse Width  ; clk   ; Rise       ; CodeEntry:u_code_entry|UpDownCounterWrap:up_down_counter_inst|count[0]                    ;
; -0.500 ; 0.500        ; 1.000          ; High Pulse Width ; clk   ; Rise       ; CodeEntry:u_code_entry|UpDownCounterWrap:up_down_counter_inst|count[1]                    ;
; -0.500 ; 0.500        ; 1.000          ; Low Pulse Width  ; clk   ; Rise       ; CodeEntry:u_code_entry|UpDownCounterWrap:up_down_counter_inst|count[1]                    ;
; -0.500 ; 0.500        ; 1.000          ; High Pulse Width ; clk   ; Rise       ; CodeEntry:u_code_entry|UpDownCounterWrap:up_down_counter_inst|count[2]                    ;
; -0.500 ; 0.500        ; 1.000          ; Low Pulse Width  ; clk   ; Rise       ; CodeEntry:u_code_entry|UpDownCounterWrap:up_down_counter_inst|count[2]                    ;
; -0.500 ; 0.500        ; 1.000          ; High Pulse Width ; clk   ; Rise       ; CodeEntry:u_code_entry|UpDownCounterWrap:up_down_counter_inst|count[3]                    ;
; -0.500 ; 0.500        ; 1.000          ; Low Pulse Width  ; clk   ; Rise       ; CodeEntry:u_code_entry|UpDownCounterWrap:up_down_counter_inst|count[3]                    ;
; -0.500 ; 0.500        ; 1.000          ; High Pulse Width ; clk   ; Rise       ; ModeController:u_mode_controller|state.LOCKED                                             ;
; -0.500 ; 0.500        ; 1.000          ; Low Pulse Width  ; clk   ; Rise       ; ModeController:u_mode_controller|state.LOCKED                                             ;
; -0.500 ; 0.500        ; 1.000          ; High Pulse Width ; clk   ; Rise       ; ModeController:u_mode_controller|state.UNLOCKED                                           ;
; -0.500 ; 0.500        ; 1.000          ; Low Pulse Width  ; clk   ; Rise       ; ModeController:u_mode_controller|state.UNLOCKED                                           ;
; -0.500 ; 0.500        ; 1.000          ; High Pulse Width ; clk   ; Rise       ; ModeController:u_mode_controller|state.UNLOCKED_PROGRAMMING                               ;
; -0.500 ; 0.500        ; 1.000          ; Low Pulse Width  ; clk   ; Rise       ; ModeController:u_mode_controller|state.UNLOCKED_PROGRAMMING                               ;
; 0.500  ; 0.500        ; 0.000          ; High Pulse Width ; clk   ; Rise       ; clk|combout                                                                               ;
; 0.500  ; 0.500        ; 0.000          ; Low Pulse Width  ; clk   ; Rise       ; clk|combout                                                                               ;
; 0.500  ; 0.500        ; 0.000          ; High Pulse Width ; clk   ; Rise       ; clk~clkctrl|inclk[0]                                                                      ;
+--------+--------------+----------------+------------------+-------+------------+-------------------------------------------------------------------------------------------+


+-------------------------------------------------------------------------+
; Setup Times                                                             ;
+-----------+------------+--------+--------+------------+-----------------+
; Data Port ; Clock Port ; Rise   ; Fall   ; Clock Edge ; Clock Reference ;
+-----------+------------+--------+--------+------------+-----------------+
; keya      ; clk        ; 0.032  ; 0.032  ; Rise       ; clk             ;
; keyb      ; clk        ; 2.193  ; 2.193  ; Rise       ; clk             ;
; keyc      ; clk        ; 2.300  ; 2.300  ; Rise       ; clk             ;
; keyd      ; clk        ; 1.702  ; 1.702  ; Rise       ; clk             ;
; swm       ; clk        ; -0.498 ; -0.498 ; Rise       ; clk             ;
+-----------+------------+--------+--------+------------+-----------------+


+-------------------------------------------------------------------------+
; Hold Times                                                              ;
+-----------+------------+--------+--------+------------+-----------------+
; Data Port ; Clock Port ; Rise   ; Fall   ; Clock Edge ; Clock Reference ;
+-----------+------------+--------+--------+------------+-----------------+
; keya      ; clk        ; 0.773  ; 0.773  ; Rise       ; clk             ;
; keyb      ; clk        ; -1.594 ; -1.594 ; Rise       ; clk             ;
; keyc      ; clk        ; -1.636 ; -1.636 ; Rise       ; clk             ;
; keyd      ; clk        ; -1.581 ; -1.581 ; Rise       ; clk             ;
; swm       ; clk        ; 0.757  ; 0.757  ; Rise       ; clk             ;
+-----------+------------+--------+--------+------------+-----------------+


+-----------------------------------------------------------------------+
; Clock to Output Times                                                 ;
+-----------+------------+-------+-------+------------+-----------------+
; Data Port ; Clock Port ; Rise  ; Fall  ; Clock Edge ; Clock Reference ;
+-----------+------------+-------+-------+------------+-----------------+
; gledx     ; clk        ; 3.650 ; 3.650 ; Rise       ; clk             ;
; rledx     ; clk        ; 3.746 ; 3.746 ; Rise       ; clk             ;
+-----------+------------+-------+-------+------------+-----------------+


+-----------------------------------------------------------------------+
; Minimum Clock to Output Times                                         ;
+-----------+------------+-------+-------+------------+-----------------+
; Data Port ; Clock Port ; Rise  ; Fall  ; Clock Edge ; Clock Reference ;
+-----------+------------+-------+-------+------------+-----------------+
; gledx     ; clk        ; 3.650 ; 3.650 ; Rise       ; clk             ;
; rledx     ; clk        ; 3.746 ; 3.746 ; Rise       ; clk             ;
+-----------+------------+-------+-------+------------+-----------------+


+-------------------------------------------------------------------------------+
; Multicorner Timing Analysis Summary                                           ;
+------------------+---------+-------+----------+---------+---------------------+
; Clock            ; Setup   ; Hold  ; Recovery ; Removal ; Minimum Pulse Width ;
+------------------+---------+-------+----------+---------+---------------------+
; Worst-case Slack ; -1.619  ; 0.215 ; -0.986   ; 0.739   ; -1.380              ;
;  clk             ; -1.619  ; 0.215 ; -0.986   ; 0.739   ; -1.380              ;
; Design-wide TNS  ; -43.198 ; 0.0   ; -13.782  ; 0.0     ; -49.38              ;
;  clk             ; -43.198 ; 0.000 ; -13.782  ; 0.000   ; -49.380             ;
+------------------+---------+-------+----------+---------+---------------------+


+-------------------------------------------------------------------------+
; Setup Times                                                             ;
+-----------+------------+--------+--------+------------+-----------------+
; Data Port ; Clock Port ; Rise   ; Fall   ; Clock Edge ; Clock Reference ;
+-----------+------------+--------+--------+------------+-----------------+
; keya      ; clk        ; 0.671  ; 0.671  ; Rise       ; clk             ;
; keyb      ; clk        ; 4.284  ; 4.284  ; Rise       ; clk             ;
; keyc      ; clk        ; 4.472  ; 4.472  ; Rise       ; clk             ;
; keyd      ; clk        ; 3.153  ; 3.153  ; Rise       ; clk             ;
; swm       ; clk        ; -0.255 ; -0.255 ; Rise       ; clk             ;
+-----------+------------+--------+--------+------------+-----------------+


+-------------------------------------------------------------------------+
; Hold Times                                                              ;
+-----------+------------+--------+--------+------------+-----------------+
; Data Port ; Clock Port ; Rise   ; Fall   ; Clock Edge ; Clock Reference ;
+-----------+------------+--------+--------+------------+-----------------+
; keya      ; clk        ; 0.929  ; 0.929  ; Rise       ; clk             ;
; keyb      ; clk        ; -1.594 ; -1.594 ; Rise       ; clk             ;
; keyc      ; clk        ; -1.636 ; -1.636 ; Rise       ; clk             ;
; keyd      ; clk        ; -1.581 ; -1.581 ; Rise       ; clk             ;
; swm       ; clk        ; 0.836  ; 0.836  ; Rise       ; clk             ;
+-----------+------------+--------+--------+------------+-----------------+


+-----------------------------------------------------------------------+
; Clock to Output Times                                                 ;
+-----------+------------+-------+-------+------------+-----------------+
; Data Port ; Clock Port ; Rise  ; Fall  ; Clock Edge ; Clock Reference ;
+-----------+------------+-------+-------+------------+-----------------+
; gledx     ; clk        ; 6.369 ; 6.369 ; Rise       ; clk             ;
; rledx     ; clk        ; 6.592 ; 6.592 ; Rise       ; clk             ;
+-----------+------------+-------+-------+------------+-----------------+


+-----------------------------------------------------------------------+
; Minimum Clock to Output Times                                         ;
+-----------+------------+-------+-------+------------+-----------------+
; Data Port ; Clock Port ; Rise  ; Fall  ; Clock Edge ; Clock Reference ;
+-----------+------------+-------+-------+------------+-----------------+
; gledx     ; clk        ; 3.650 ; 3.650 ; Rise       ; clk             ;
; rledx     ; clk        ; 3.746 ; 3.746 ; Rise       ; clk             ;
+-----------+------------+-------+-------+------------+-----------------+


+-------------------------------------------------------------------+
; Setup Transfers                                                   ;
+------------+----------+----------+----------+----------+----------+
; From Clock ; To Clock ; RR Paths ; FR Paths ; RF Paths ; FF Paths ;
+------------+----------+----------+----------+----------+----------+
; clk        ; clk      ; 189      ; 0        ; 0        ; 0        ;
+------------+----------+----------+----------+----------+----------+
Entries labeled "false path" only account for clock-to-clock false paths and not path-based false paths. As a result, actual path counts may be lower than reported.


+-------------------------------------------------------------------+
; Hold Transfers                                                    ;
+------------+----------+----------+----------+----------+----------+
; From Clock ; To Clock ; RR Paths ; FR Paths ; RF Paths ; FF Paths ;
+------------+----------+----------+----------+----------+----------+
; clk        ; clk      ; 189      ; 0        ; 0        ; 0        ;
+------------+----------+----------+----------+----------+----------+
Entries labeled "false path" only account for clock-to-clock false paths and not path-based false paths. As a result, actual path counts may be lower than reported.


+-------------------------------------------------------------------+
; Recovery Transfers                                                ;
+------------+----------+----------+----------+----------+----------+
; From Clock ; To Clock ; RR Paths ; FR Paths ; RF Paths ; FF Paths ;
+------------+----------+----------+----------+----------+----------+
; clk        ; clk      ; 18       ; 0        ; 0        ; 0        ;
+------------+----------+----------+----------+----------+----------+
Entries labeled "false path" only account for clock-to-clock false paths and not path-based false paths. As a result, actual path counts may be lower than reported.


+-------------------------------------------------------------------+
; Removal Transfers                                                 ;
+------------+----------+----------+----------+----------+----------+
; From Clock ; To Clock ; RR Paths ; FR Paths ; RF Paths ; FF Paths ;
+------------+----------+----------+----------+----------+----------+
; clk        ; clk      ; 18       ; 0        ; 0        ; 0        ;
+------------+----------+----------+----------+----------+----------+
Entries labeled "false path" only account for clock-to-clock false paths and not path-based false paths. As a result, actual path counts may be lower than reported.


---------------
; Report TCCS ;
---------------
No dedicated SERDES Transmitter circuitry present in device or used in design


---------------
; Report RSKM ;
---------------
No dedicated SERDES Receiver circuitry present in device or used in design


+------------------------------------------------+
; Unconstrained Paths                            ;
+---------------------------------+-------+------+
; Property                        ; Setup ; Hold ;
+---------------------------------+-------+------+
; Illegal Clocks                  ; 0     ; 0    ;
; Unconstrained Clocks            ; 0     ; 0    ;
; Unconstrained Input Ports       ; 6     ; 6    ;
; Unconstrained Input Port Paths  ; 83    ; 83   ;
; Unconstrained Output Ports      ; 2     ; 2    ;
; Unconstrained Output Port Paths ; 2     ; 2    ;
+---------------------------------+-------+------+


+------------------------------------+
; TimeQuest Timing Analyzer Messages ;
+------------------------------------+
Info: *******************************************************************
Info: Running Quartus II 64-Bit TimeQuest Timing Analyzer
    Info: Version 13.0.1 Build 232 06/12/2013 Service Pack 1 SJ Full Version
    Info: Processing started: Wed Feb 11 22:51:56 2026
Info: Command: quartus_sta digital_lock_system -c digital_lock_system
Info: qsta_default_script.tcl version: #1
Info (11104): Parallel Compilation has detected 20 hyper-threaded processors. However, the extra hyper-threaded processors will not be used by default. Parallel Compilation will use 14 of the 14 physical processors detected instead.
Info (21077): Low junction temperature is 0 degrees C
Info (21077): High junction temperature is 85 degrees C
Critical Warning (332012): Synopsys Design Constraints File file not found: 'digital_lock_system.sdc'. A Synopsys Design Constraints File is required by the TimeQuest Timing Analyzer to get proper timing constraints. Without it, the Compiler will not properly optimize the design.
Info (332142): No user constrained base clocks found in the design. Calling "derive_clocks -period 1.0"
Info (332105): Deriving Clocks
    Info (332105): create_clock -period 1.000 -name clk clk
Info: Found TIMEQUEST_REPORT_SCRIPT_INCLUDE_DEFAULT_ANALYSIS = ON
Info: Analyzing Slow Model
Critical Warning (332148): Timing requirements not met
Info (332146): Worst-case setup slack is -1.619
    Info (332119):     Slack End Point TNS Clock 
    Info (332119): ========= ============= =====================
    Info (332119):    -1.619       -43.198 clk 
Info (332146): Worst-case hold slack is 0.391
    Info (332119):     Slack End Point TNS Clock 
    Info (332119): ========= ============= =====================
    Info (332119):     0.391         0.000 clk 
Info (332146): Worst-case recovery slack is -0.986
    Info (332119):     Slack End Point TNS Clock 
    Info (332119): ========= ============= =====================
    Info (332119):    -0.986       -13.782 clk 
Info (332146): Worst-case removal slack is 1.329
    Info (332119):     Slack End Point TNS Clock 
    Info (332119): ========= ============= =====================
    Info (332119):     1.329         0.000 clk 
Info (332146): Worst-case minimum pulse width slack is -1.380
    Info (332119):     Slack End Point TNS Clock 
    Info (332119): ========= ============= =====================
    Info (332119):    -1.380       -49.380 clk 
Info (332001): The selected device family is not supported by the report_metastability command.
Info: Analyzing Fast Model
Critical Warning (332148): Timing requirements not met
Info (332146): Worst-case setup slack is -0.202
    Info (332119):     Slack End Point TNS Clock 
    Info (332119): ========= ============= =====================
    Info (332119):    -0.202        -1.847 clk 
Info (332146): Worst-case hold slack is 0.215
    Info (332119):     Slack End Point TNS Clock 
    Info (332119): ========= ============= =====================
    Info (332119):     0.215         0.000 clk 
Info (332146): Worst-case recovery slack is -0.061
    Info (332119):     Slack End Point TNS Clock 
    Info (332119): ========= ============= =====================
    Info (332119):    -0.061        -0.244 clk 
Info (332146): Worst-case removal slack is 0.739
    Info (332119):     Slack End Point TNS Clock 
    Info (332119): ========= ============= =====================
    Info (332119):     0.739         0.000 clk 
Info (332146): Worst-case minimum pulse width slack is -1.380
    Info (332119):     Slack End Point TNS Clock 
    Info (332119): ========= ============= =====================
    Info (332119):    -1.380       -49.380 clk 
Info (332001): The selected device family is not supported by the report_metastability command.
Info (332102): Design is not fully constrained for setup requirements
Info (332102): Design is not fully constrained for hold requirements
Info: Quartus II 64-Bit TimeQuest Timing Analyzer was successful. 0 errors, 3 warnings
    Info: Peak virtual memory: 4596 megabytes
    Info: Processing ended: Wed Feb 11 22:51:58 2026
    Info: Elapsed time: 00:00:02
    Info: Total CPU time (on all processors): 00:00:00


